122761444.txt,0,381,381,1,Y,Y,1.0,0,381,HybridEvaluator=0.2994684982146698
247344206.txt,0,113,113,1,Y,Y,1.0,0,113,HybridEvaluator=0.13268107548356056
28124169.txt,0,208,208,1,Y,Y,1.0,0,208,HybridEvaluator=0.08347745638342523
1708559978.txt,0,182,182,1,Y,Y,1.0,0,182,HybridEvaluator=0.21670268658180952
829153173.txt,0,70,70,1,Y,Y,1.0,0,70,HybridEvaluator=0.14986103773117065
1837273399.txt,0,91,91,1,Y,Y,1.0,0,91,HybridEvaluator=0.07046064436435699
1557531270.txt,0,77,77,1,Y,Y,1.0,0,77,HybridEvaluator=0.21199516455332437
1292351125.txt,0,157,157,1,Y,Y,1.0,0,157,HybridEvaluator=0.1474800189584856
1388803170.txt,0,282,282,3,N,Y,1.0,0,282,HybridEvaluator=0.030938457875024705
1433530772.txt,0,83,83,2,Y,Y,1.0,0,83,HybridEvaluator=0.13742717674800328
32106622.txt,0,177,177,2,Y,Y,1.0,0,177,HybridEvaluator=0.16070261398951213
45241293.txt,0,195,195,1,Y,Y,1.0,0,195,HybridEvaluator=0.12469862488233817
1893896056.txt,0,250,250,1,N,Y,1.0,0,250,HybridEvaluator=0.03962562643492595
335162724.txt,0,203,203,1,Y,Y,1.0,0,203,HybridEvaluator=0.18216995894908905
2133032205.txt,0,302,302,2,Y,Y,1.0,0,302,HybridEvaluator=0.18057636510242114
375984490.txt,0,220,220,2,Y,Y,1.0,0,220,HybridEvaluator=0.1646818220615387
277341046.txt,0,416,416,5,Y,Y,1.0,0,416,HybridEvaluator=0.14987293681865557
2023642821.txt,0,804,804,4,Y,Y,1.0,0,804,HybridEvaluator=0.09331802139948552
1933726730.txt,0,638,638,6,Y,Y,1.0,0,638,HybridEvaluator=0.20222315532028784
1905600974.txt,0,384,384,2,Y,Y,1.0,0,384,HybridEvaluator=0.09298851869454504
2045063586.txt,0,375,375,1,Y,Y,1.0,0,375,HybridEvaluator=0.20046228497981153
1058170530.txt,0,139,139,1,Y,Y,1.0,0,139,HybridEvaluator=0.09089850983895593
124435369.txt,0,201,201,1,Y,Y,1.0,0,201,HybridEvaluator=0.13398433736674242
1723486702.txt,0,57,57,1,Y,Y,1.0,0,57,HybridEvaluator=0.26202635169029237
1515668514.txt,0,62,62,1,N,Y,1.0,0,62,HybridEvaluator=0.0
1304430165.txt,0,75,75,1,Y,Y,1.0,0,75,HybridEvaluator=0.1650329828262329
1625069618.txt,0,28,28,2,N,Y,1.0,0,28,HybridEvaluator=0.0
2056365119.txt,0,47,47,1,Y,Y,1.0,0,47,HybridEvaluator=0.09444668143987656
1827570849.txt,0,103,103,2,Y,Y,1.0,0,103,HybridEvaluator=0.08953627402132208
233294772.txt,0,115,115,1,Y,Y,1.0,0,115,HybridEvaluator=0.06878451364380973
1512288905.txt,0,138,138,1,Y,Y,1.0,0,138,HybridEvaluator=0.20186354480158603
392766455.txt,0,134,134,1,Y,Y,1.0,0,134,HybridEvaluator=0.13485216976704387
1736494668.txt,0,128,128,1,Y,Y,1.0,0,128,HybridEvaluator=0.11637529824218139
1392267231.txt,0,334,334,1,Y,Y,1.0,0,334,HybridEvaluator=0.1382292725239085
1478470140.txt,0,246,246,2,Y,Y,1.0,0,246,HybridEvaluator=0.14271979530652365
1410835761.txt,0,96,96,1,Y,Y,1.0,0,96,HybridEvaluator=0.07970379970290443
1521942455.txt,0,71,71,3,Y,Y,1.0,0,71,HybridEvaluator=0.06300278504689534
34755032.txt,0,80,80,1,Y,Y,1.0,0,80,HybridEvaluator=0.06827308535575867
1656241952.txt,0,66,66,1,Y,Y,1.0,0,66,HybridEvaluator=0.21207962036132813
593745240.txt,0,168,168,2,Y,Y,1.0,0,168,HybridEvaluator=0.14719715994101948
755533611.txt,0,183,183,2,Y,Y,1.0,0,183,HybridEvaluator=0.059593447617122104
1647317116.txt,0,328,328,3,Y,Y,1.0,0,328,HybridEvaluator=0.05843763766670778
1114634343.txt,0,89,89,1,Y,Y,1.0,0,89,HybridEvaluator=0.14471774016107833
1224600159.txt,0,113,113,3,Y,Y,1.0,0,113,HybridEvaluator=0.12203835447629292
841601852.txt,0,164,164,2,Y,Y,1.0,0,164,HybridEvaluator=0.12037289887666702
1698049209.txt,0,69,69,2,Y,Y,1.0,0,69,HybridEvaluator=0.08635530869166057
1731030903.txt,0,55,55,2,Y,Y,1.0,0,55,HybridEvaluator=0.13979076345761618
1354644327.txt,0,217,217,1,Y,Y,1.0,0,217,HybridEvaluator=0.171197257543865
1420201719.txt,0,186,186,3,Y,Y,1.0,0,186,HybridEvaluator=0.07417238131165504
2098518127.txt,0,91,91,1,Y,Y,1.0,0,91,HybridEvaluator=0.16318925619125366
166221188.txt,0,89,89,1,Y,Y,1.0,0,89,HybridEvaluator=0.06358525653680165
1289128238.txt,0,69,69,1,Y,Y,1.0,0,69,HybridEvaluator=0.14471774016107833
484208840.txt,0,55,55,1,N,Y,1.0,0,55,HybridEvaluator=0.0
279375634.txt,0,56,56,1,Y,Y,1.0,0,56,HybridEvaluator=0.3086014807224274
517728904.txt,0,78,78,1,Y,Y,1.0,0,78,HybridEvaluator=0.11856871843338013
1626888870.txt,0,142,142,1,Y,Y,1.0,0,142,HybridEvaluator=0.08754392645575783
1677431324.txt,0,187,187,1,Y,Y,1.0,0,187,HybridEvaluator=0.15068289085692793
507228093.txt,0,187,187,2,Y,Y,1.0,0,187,HybridEvaluator=0.1449034829934438
819708798.txt,0,295,295,1,Y,Y,1.0,0,295,HybridEvaluator=0.1322672291337237
1854910526.txt,0,278,278,2,Y,Y,1.0,0,278,HybridEvaluator=0.12907109033893255
1756316463.txt,0,351,351,3,Y,Y,1.0,0,351,HybridEvaluator=0.2309579998254776
1516615898.txt,0,375,375,1,Y,Y,1.0,0,375,HybridEvaluator=0.2994684982146698
1920893132.txt,0,206,206,3,Y,Y,1.0,0,206,HybridEvaluator=0.12240544649270865
1596981888.txt,0,226,226,1,Y,Y,1.0,0,226,HybridEvaluator=0.22497927266008713
1847242006.txt,0,390,390,4,Y,Y,1.0,0,390,HybridEvaluator=0.049129988308306095
1635713703.txt,0,488,488,2,Y,Y,1.0,0,488,HybridEvaluator=0.1352375639572513
1379780066.txt,0,62,62,1,Y,Y,1.0,0,62,HybridEvaluator=0.09629831910133362
1399970592.txt,0,333,333,6,N,Y,1.0,0,333,HybridEvaluator=0.027775286563805172
1030641287.txt,0,240,240,2,Y,Y,1.0,0,240,HybridEvaluator=0.13573004703970573
1132389422.txt,0,199,199,2,Y,Y,1.0,0,199,HybridEvaluator=0.06310942035391379
156439954.txt,0,560,560,4,Y,Y,1.0,0,560,HybridEvaluator=0.14483722671866417
1459181022.txt,0,345,345,3,Y,Y,1.0,0,345,HybridEvaluator=0.08116333805559137
1471658689.txt,0,1245,1245,13,Y,Y,1.0,0,1245,HybridEvaluator=0.09161723189883762
1588459415.txt,0,790,790,3,Y,Y,1.0,0,790,HybridEvaluator=0.1481090657381037
1455207093.txt,0,325,325,2,Y,Y,1.0,0,325,HybridEvaluator=0.09405183379419714
479737302.txt,0,81,81,1,N,Y,1.0,0,81,HybridEvaluator=0.0
336291936.txt,0,60,60,1,N,Y,1.0,0,60,HybridEvaluator=0.0
71808439.txt,0,37,37,1,Y,Y,1.0,0,37,HybridEvaluator=0.17000621557235718
490170894.txt,0,56,56,1,Y,Y,1.0,0,56,HybridEvaluator=0.08898727595806122
794455163.txt,0,65,65,1,Y,Y,1.0,0,65,HybridEvaluator=0.17853024005889892
435736768.txt,0,103,103,1,Y,Y,1.0,0,103,HybridEvaluator=0.12249133092043533
376989333.txt,0,108,108,1,Y,Y,1.0,0,108,HybridEvaluator=0.16725668058868365
1538643031.txt,0,14,14,1,Y,Y,1.0,0,14,HybridEvaluator=0.24074579775333405
426215623.txt,0,52,52,3,Y,Y,1.0,0,52,HybridEvaluator=0.1667746663093567
543656440.txt,0,190,190,2,Y,Y,1.0,0,190,HybridEvaluator=0.10513674873861019
211652762.txt,0,151,151,1,Y,Y,1.0,0,151,HybridEvaluator=0.1686936542391777
2061686004.txt,0,115,115,1,N,Y,1.0,0,115,HybridEvaluator=0.0
366491806.txt,0,371,371,1,N,Y,1.0,0,371,HybridEvaluator=0.030412004462310245
2130689711.txt,0,316,316,1,Y,Y,1.0,0,316,HybridEvaluator=0.21451700777748095
659298650.txt,0,320,320,1,Y,Y,1.0,0,320,HybridEvaluator=0.2263809902028284
577500121.txt,0,316,316,2,Y,Y,1.0,0,316,HybridEvaluator=0.06571711301803589
1586812807.txt,0,180,180,2,Y,Y,1.0,0,180,HybridEvaluator=0.11309944788614909
696054966.txt,0,253,253,3,Y,Y,1.0,0,253,HybridEvaluator=0.25302373231576525
1597016585.txt,0,457,457,2,Y,Y,1.0,0,457,HybridEvaluator=0.07872055110767558
737051528.txt,0,805,805,11,Y,Y,1.0,0,805,HybridEvaluator=0.0826236808587699
585132129.txt,0,453,453,2,Y,Y,1.0,0,453,HybridEvaluator=0.1347396858036518
196193024.txt,0,347,347,1,Y,Y,1.0,0,347,HybridEvaluator=0.06341377498263108
186790925.txt,0,623,623,4,Y,Y,1.0,0,623,HybridEvaluator=0.24720368353210304
1945023410.txt,0,464,464,2,Y,Y,1.0,0,464,HybridEvaluator=0.20503968918472074
1486467237.txt,0,135,135,1,Y,Y,1.0,0,135,HybridEvaluator=0.18012259223244406
80719229.txt,0,243,243,2,Y,Y,1.0,0,243,HybridEvaluator=0.26681803754821376
1699461517.txt,0,229,229,2,Y,Y,1.0,0,229,HybridEvaluator=0.10270754814147949
1645520493.txt,0,489,489,2,Y,Y,1.0,0,489,HybridEvaluator=0.22413530996525913
369222185.txt,0,43,43,1,N,Y,1.0,0,43,HybridEvaluator=0.0
1893128448.txt,0,105,105,1,Y,Y,1.0,0,105,HybridEvaluator=0.07353599670036282
1664832226.txt,0,119,119,2,Y,Y,1.0,0,119,HybridEvaluator=0.1114169900066319
742409004.txt,0,119,119,3,Y,Y,1.0,0,119,HybridEvaluator=0.1904892712831497
503981832.txt,0,173,173,1,Y,Y,1.0,0,173,HybridEvaluator=0.09231685660779476
759000705.txt,0,171,171,1,Y,Y,1.0,0,171,HybridEvaluator=0.1404531034430737
761637210.txt,0,157,157,2,Y,Y,1.0,0,157,HybridEvaluator=0.08159578243891398
642936684.txt,0,171,171,2,Y,Y,1.0,0,171,HybridEvaluator=0.10532666616676309
794361999.txt,0,86,86,1,Y,Y,1.0,0,86,HybridEvaluator=0.06878451364380973
630145947.txt,0,143,143,1,Y,Y,1.0,0,143,HybridEvaluator=0.10867916213141547
767370779.txt,0,94,94,2,N,Y,1.0,0,94,HybridEvaluator=0.0
500149618.txt,0,207,207,1,Y,Y,1.0,0,207,HybridEvaluator=0.10127124271295654
1832941579.txt,0,337,337,3,Y,Y,1.0,0,337,HybridEvaluator=0.16702029727154255
1806750546.txt,0,218,218,2,Y,Y,1.0,0,218,HybridEvaluator=0.0976058840751648
60477372.txt,0,324,324,3,N,Y,1.0,0,324,HybridEvaluator=0.0
622414473.txt,0,236,236,3,Y,Y,1.0,0,236,HybridEvaluator=0.1573362836712285
1583567790.txt,0,341,341,1,Y,Y,1.0,0,341,HybridEvaluator=0.12373761535551793
1450814193.txt,0,321,321,7,Y,Y,1.0,0,321,HybridEvaluator=0.0875956742536454
1535282356.txt,0,310,310,4,N,Y,1.0,0,310,HybridEvaluator=0.040753600918094664
555813006.txt,0,423,423,3,Y,Y,1.0,0,423,HybridEvaluator=0.18550378779570262
1551809521.txt,0,748,748,12,Y,Y,1.0,0,748,HybridEvaluator=0.08093513662998493
2079021714.txt,0,614,614,6,Y,Y,1.0,0,614,HybridEvaluator=0.06394155278141092
662670000.txt,0,1220,1220,7,Y,Y,1.0,0,1220,HybridEvaluator=0.07357115850421225
773939303.txt,0,845,845,8,Y,Y,1.0,0,845,HybridEvaluator=0.13078968811321826
516164360.txt,0,550,550,6,Y,Y,1.0,0,550,HybridEvaluator=0.1580107360242993
1471737744.txt,0,319,319,2,Y,Y,1.0,0,319,HybridEvaluator=0.16991899132728577
494746774.txt,0,324,324,3,Y,Y,1.0,0,324,HybridEvaluator=0.10260870701550209
743755543.txt,0,98,98,1,Y,Y,1.0,0,98,HybridEvaluator=0.2579861283302307
671079366.txt,0,366,366,1,Y,Y,1.0,0,366,HybridEvaluator=0.20352800135320984
6822249.txt,0,362,362,3,Y,Y,1.0,0,362,HybridEvaluator=0.14226731062734865
719471715.txt,0,425,425,2,N,Y,1.0,0,425,HybridEvaluator=0.00369822365
543411512.txt,0,84,84,4,Y,Y,1.0,0,84,HybridEvaluator=0.0932927668094635
1626181089.txt,0,187,187,2,Y,Y,1.0,0,187,HybridEvaluator=0.2331314322195555
329039346.txt,0,351,351,1,Y,Y,1.0,0,351,HybridEvaluator=0.08475192127752816
2018898739.txt,0,202,202,2,Y,Y,1.0,0,202,HybridEvaluator=0.07280102722785052
497372931.txt,0,441,441,2,Y,Y,1.0,0,441,HybridEvaluator=0.18506369731663863
1309354643.txt,0,486,486,4,Y,Y,1.0,0,486,HybridEvaluator=0.13322986518912816
1597011600.txt,0,1116,1116,8,Y,Y,1.0,0,1116,HybridEvaluator=0.12296516975488538
1850680587.txt,0,187,187,2,Y,Y,1.0,0,187,HybridEvaluator=0.07049712538719177
1917599613.txt,0,38,38,1,Y,Y,1.0,0,38,HybridEvaluator=0.43152504165967304
192267690.txt,0,65,65,1,N,Y,1.0,0,65,HybridEvaluator=0.0
609448480.txt,0,163,163,1,Y,Y,1.0,0,163,HybridEvaluator=0.2138906832412118
2137794265.txt,0,180,180,2,Y,Y,1.0,0,180,HybridEvaluator=0.0819973988192422
537902737.txt,0,201,201,1,Y,Y,1.0,0,201,HybridEvaluator=0.15795809692855384
462364750.txt,0,395,395,1,Y,Y,1.0,0,395,HybridEvaluator=0.1483899486064911
1909180386.txt,0,378,378,1,Y,Y,1.0,0,378,HybridEvaluator=0.19902821926211872
18160526.txt,0,497,497,4,Y,Y,1.0,0,497,HybridEvaluator=0.08767441966350722
54564853.txt,0,358,358,2,Y,Y,1.0,0,358,HybridEvaluator=0.11501295544507727
1592930593.txt,0,467,467,1,Y,Y,1.0,0,467,HybridEvaluator=0.16870874440952807
1534462483.txt,0,648,648,3,Y,Y,1.0,0,648,HybridEvaluator=0.12606099629849848
762974073.txt,0,560,560,2,Y,Y,1.0,0,560,HybridEvaluator=0.1053084490385174
1763448137.txt,0,86,86,1,Y,Y,1.0,0,86,HybridEvaluator=0.1414736807346344
1887177571.txt,0,23,23,1,Y,Y,1.0,0,23,HybridEvaluator=0.1604971985022227
1843204707.txt,0,32,32,2,Y,Y,1.0,0,32,HybridEvaluator=0.09629831910133362
2062963825.txt,0,74,74,2,Y,Y,1.0,0,74,HybridEvaluator=0.1860829336302621
2126374616.txt,0,169,169,2,N,Y,1.0,0,169,HybridEvaluator=0.0
326196689.txt,0,133,133,2,Y,Y,1.0,0,133,HybridEvaluator=0.22533979876112695
1740794016.txt,0,104,104,3,N,Y,1.0,0,104,HybridEvaluator=0.041592190663019814
1097483789.txt,0,246,246,1,Y,Y,1.0,0,246,HybridEvaluator=0.24890413086685528
2006366740.txt,0,341,341,1,Y,Y,1.0,0,341,HybridEvaluator=0.12074945535951924
259582515.txt,0,302,302,2,Y,Y,1.0,0,302,HybridEvaluator=0.20488416256385777
1896839694.txt,0,92,92,1,Y,Y,1.0,0,92,HybridEvaluator=0.14168616533279418
2043097611.txt,0,120,120,2,Y,Y,1.0,0,120,HybridEvaluator=0.1827272673447927
73469031.txt,0,51,51,1,Y,Y,1.0,0,51,HybridEvaluator=0.1624269038438797
228943563.txt,0,33,33,1,Y,Y,1.0,0,33,HybridEvaluator=0.25463996082544327
1626433819.txt,0,210,210,1,Y,Y,1.0,0,210,HybridEvaluator=0.13398427070786045
1691243313.txt,0,138,138,1,Y,Y,1.0,0,138,HybridEvaluator=0.3210779279470444
1846698875.txt,0,168,168,1,Y,Y,1.0,0,168,HybridEvaluator=0.1644244969051032
1847835119.txt,0,110,110,2,Y,Y,1.0,0,110,HybridEvaluator=0.09011052898444467
1822878079.txt,0,180,180,3,Y,Y,1.0,0,180,HybridEvaluator=0.0540725120476314
456672379.txt,0,274,274,1,Y,Y,1.0,0,274,HybridEvaluator=0.10208155001912798
1932269551.txt,0,280,280,1,Y,Y,1.0,0,280,HybridEvaluator=0.17988554491418118
65399068.txt,0,386,386,2,Y,Y,1.0,0,386,HybridEvaluator=0.10320560948873769
1911858324.txt,0,358,358,4,Y,Y,1.0,0,358,HybridEvaluator=0.12354021669233584
2090548356.txt,0,413,413,5,Y,Y,1.0,0,413,HybridEvaluator=0.21747432316344964
1785512944.txt,0,543,543,2,Y,Y,1.0,0,543,HybridEvaluator=0.09772100159307406
1850385335.txt,0,701,701,3,Y,Y,1.0,0,701,HybridEvaluator=0.12463238878708964
1757552503.txt,0,629,629,5,Y,Y,1.0,0,629,HybridEvaluator=0.08934811271034766
1934590070.txt,0,378,378,5,Y,Y,1.0,0,378,HybridEvaluator=0.19187288917601109
1633540428.txt,0,319,319,3,Y,Y,1.0,0,319,HybridEvaluator=0.12105575799942017
38249504.txt,0,224,224,1,N,Y,1.0,0,224,HybridEvaluator=0.033324152905926004
1861487365.txt,0,600,600,2,Y,Y,1.0,0,600,HybridEvaluator=0.047631207580937744
1906127101.txt,0,34,34,1,Y,Y,1.0,0,34,HybridEvaluator=0.3034694691499074
1540070889.txt,0,29,29,1,N,Y,1.0,0,29,HybridEvaluator=0.0
143763042.txt,0,185,185,1,Y,Y,1.0,0,185,HybridEvaluator=0.06028822378108376
131310277.txt,0,157,157,1,Y,Y,1.0,0,157,HybridEvaluator=0.3598255068063736
1564163716.txt,0,153,153,1,Y,Y,1.0,0,153,HybridEvaluator=0.09633068443743686
1832695346.txt,0,125,125,1,Y,Y,1.0,0,125,HybridEvaluator=0.15388906747102737
1502516431.txt,0,147,147,1,Y,Y,1.0,0,147,HybridEvaluator=0.10934334993362427
1568891517.txt,0,152,152,2,Y,Y,1.0,0,152,HybridEvaluator=0.18667072852452596
1492021090.txt,0,122,122,1,Y,Y,1.0,0,122,HybridEvaluator=0.3272721979601878
1748944326.txt,0,232,232,2,Y,Y,1.0,0,232,HybridEvaluator=0.11428076924137098
2042841696.txt,0,259,259,1,N,Y,1.0,0,259,HybridEvaluator=0.04221238195896149
1562532971.txt,0,326,326,1,Y,Y,1.0,0,326,HybridEvaluator=0.14538161848720751
1681650035.txt,0,191,191,4,Y,Y,1.0,0,191,HybridEvaluator=0.06104476836645377
1477406284.txt,0,271,271,1,Y,Y,1.0,0,271,HybridEvaluator=0.09210190035047985
1472822304.txt,0,234,234,3,Y,Y,1.0,0,234,HybridEvaluator=0.21344414703986225
1811794359.txt,0,264,264,1,Y,Y,1.0,0,264,HybridEvaluator=0.06614855402394344
1721811772.txt,0,283,283,1,Y,Y,1.0,0,283,HybridEvaluator=0.19919156685474965
1889791907.txt,0,259,259,1,Y,Y,1.0,0,259,HybridEvaluator=0.12300381987612609
1822090385.txt,0,262,262,1,N,Y,1.0,0,262,HybridEvaluator=0.024716190993785858
1824567832.txt,0,1225,1225,2,Y,Y,1.0,0,1225,HybridEvaluator=0.13214116766428213
1350926432.txt,0,437,437,3,Y,Y,1.0,0,437,HybridEvaluator=0.09499916644023498
716660611.txt,0,140,140,1,Y,Y,1.0,0,140,HybridEvaluator=0.1517120808549497
434081490.txt,0,39,39,1,N,Y,1.0,0,39,HybridEvaluator=0.0
336526612.txt,0,51,51,1,N,Y,1.0,0,51,HybridEvaluator=0.0
186624419.txt,0,138,138,1,Y,Y,1.0,0,138,HybridEvaluator=0.1392183785823756
803688261.txt,0,119,119,1,N,Y,1.0,0,119,HybridEvaluator=0.0215169376
794934731.txt,0,25,25,1,Y,Y,1.0,0,25,HybridEvaluator=0.3093337118625641
751733266.txt,0,82,82,1,Y,Y,1.0,0,82,HybridEvaluator=0.09064483642578125
1463250390.txt,0,150,150,1,Y,Y,1.0,0,150,HybridEvaluator=0.1789807927003334
155417893.txt,0,209,209,2,Y,Y,1.0,0,209,HybridEvaluator=0.18358775415361547
1316355274.txt,0,289,289,2,Y,Y,1.0,0,289,HybridEvaluator=0.2035555378347777
1226840095.txt,0,293,293,1,N,Y,1.0,0,293,HybridEvaluator=0.0
1708844150.txt,0,204,204,2,Y,Y,1.0,0,204,HybridEvaluator=0.08300969179938822
1433384518.txt,0,378,378,8,Y,Y,1.0,0,378,HybridEvaluator=0.117086421251297
1800497706.txt,0,824,824,5,Y,Y,1.0,0,824,HybridEvaluator=0.09502824646113052
1090100747.txt,0,97,97,1,Y,Y,1.0,0,97,HybridEvaluator=0.16242430731654167
1880226017.txt,0,85,85,2,Y,Y,1.0,0,85,HybridEvaluator=0.0543123015335628
1250754851.txt,0,431,431,1,Y,Y,1.0,0,431,HybridEvaluator=0.22414504163172094
2104389498.txt,0,133,133,3,Y,Y,1.0,0,133,HybridEvaluator=0.3640178089792078
480282070.txt,0,75,75,2,Y,Y,1.0,0,75,HybridEvaluator=0.1451895572245121
549329040.txt,0,18,18,1,N,Y,1.0,0,18,HybridEvaluator=0.0
518621148.txt,0,186,186,2,Y,Y,1.0,0,186,HybridEvaluator=0.07344478148039779
1957905146.txt,0,109,109,1,Y,Y,1.0,0,109,HybridEvaluator=0.09629831910133362
2026674250.txt,0,224,224,1,Y,Y,1.0,0,224,HybridEvaluator=0.11954669169299059
1852971904.txt,0,217,217,2,Y,Y,1.0,0,217,HybridEvaluator=0.12265166938304901
678196784.txt,0,115,115,1,Y,Y,1.0,0,115,HybridEvaluator=0.3008559833873402
758806225.txt,0,125,125,3,N,Y,1.0,0,125,HybridEvaluator=0.043771963227878914
1264987950.txt,0,143,143,1,Y,Y,1.0,0,143,HybridEvaluator=0.191911111275355
2069843516.txt,0,198,198,2,N,Y,1.0,0,198,HybridEvaluator=0.0
461936248.txt,0,250,250,1,Y,Y,1.0,0,250,HybridEvaluator=0.10218411568184615
294514008.txt,0,246,246,2,Y,Y,1.0,0,246,HybridEvaluator=0.3026811829321249
313794795.txt,0,239,239,1,Y,Y,1.0,0,239,HybridEvaluator=0.09955337388449116
488910557.txt,0,214,214,1,Y,Y,1.0,0,214,HybridEvaluator=0.18825580542812514
186199451.txt,0,226,226,2,Y,Y,1.0,0,226,HybridEvaluator=0.16268978516260782
824203892.txt,0,344,344,3,Y,Y,1.0,0,344,HybridEvaluator=0.0502168787659652
580331089.txt,0,752,752,1,Y,Y,1.0,0,752,HybridEvaluator=0.19134512251276245
367726861.txt,0,309,309,2,N,Y,1.0,0,309,HybridEvaluator=0.020983800172172083
1709156718.txt,0,362,362,3,Y,Y,1.0,0,362,HybridEvaluator=0.07197357757550364
1780958619.txt,0,798,798,5,Y,Y,1.0,0,798,HybridEvaluator=0.18920321066547532
495977470.txt,0,418,418,2,Y,Y,1.0,0,418,HybridEvaluator=0.06092033920616939
539694680.txt,0,151,151,1,Y,Y,1.0,0,151,HybridEvaluator=0.057522464381082154
355553558.txt,0,183,183,1,Y,Y,1.0,0,183,HybridEvaluator=0.19392933981705507
1463142463.txt,0,150,150,2,Y,Y,1.0,0,150,HybridEvaluator=0.2532860659635984
168414694.txt,0,99,99,1,Y,Y,1.0,0,99,HybridEvaluator=0.10397786274552345
1462648469.txt,0,222,222,1,Y,Y,1.0,0,222,HybridEvaluator=0.1362023424323754
63125881.txt,0,292,292,1,N,Y,1.0,0,292,HybridEvaluator=0.0
1592609448.txt,0,589,589,5,Y,Y,1.0,0,589,HybridEvaluator=0.08165238435432146
1825918256.txt,0,471,471,4,Y,Y,1.0,0,471,HybridEvaluator=0.054807396496043485
1628022971.txt,0,717,717,3,Y,Y,1.0,0,717,HybridEvaluator=0.06229546824436248
1436503075.txt,0,517,517,2,Y,Y,1.0,0,517,HybridEvaluator=0.15912457358526
1414405883.txt,0,354,354,2,Y,Y,1.0,0,354,HybridEvaluator=0.13433407070490996
1497375105.txt,0,542,542,7,Y,Y,1.0,0,542,HybridEvaluator=0.20099661699155483
1050907628.txt,0,102,102,1,Y,Y,1.0,0,102,HybridEvaluator=0.3134393095970154
1200068921.txt,0,72,72,1,Y,Y,1.0,0,72,HybridEvaluator=0.12163476943969727
1219803014.txt,0,196,196,2,Y,Y,1.0,0,196,HybridEvaluator=0.0876516052236377
1298694282.txt,0,207,207,3,Y,Y,1.0,0,207,HybridEvaluator=0.09634137815899319
1873128838.txt,0,156,156,1,Y,Y,1.0,0,156,HybridEvaluator=0.2050282391390226
79740994.txt,0,181,181,1,Y,Y,1.0,0,181,HybridEvaluator=0.09433872997760773
1314324722.txt,0,135,135,1,Y,Y,1.0,0,135,HybridEvaluator=0.18843249678611756
1345577254.txt,0,162,162,1,Y,Y,1.0,0,162,HybridEvaluator=0.22824580207054967
1263933835.txt,0,352,352,2,Y,Y,1.0,0,352,HybridEvaluator=0.24208775931789028
829227391.txt,0,72,72,3,Y,Y,1.0,0,72,HybridEvaluator=0.1967634658018748
817305386.txt,0,38,38,1,N,Y,1.0,0,38,HybridEvaluator=0.0
837393645.txt,0,83,83,1,N,Y,1.0,0,83,HybridEvaluator=0.0
905133265.txt,0,81,81,2,Y,Y,1.0,0,81,HybridEvaluator=0.30074871083100635
917984261.txt,0,114,114,1,Y,Y,1.0,0,114,HybridEvaluator=0.3304643587836107
977064266.txt,0,78,78,2,Y,Y,1.0,0,78,HybridEvaluator=0.06867362994293993
865151275.txt,0,82,82,1,N,Y,1.0,0,82,HybridEvaluator=0.0
99912870.txt,0,19,19,1,Y,Y,1.0,0,19,HybridEvaluator=0.24074579775333405
588046867.txt,0,48,48,1,Y,Y,1.0,0,48,HybridEvaluator=0.20359231829643248
453544829.txt,0,67,67,1,Y,Y,1.0,0,67,HybridEvaluator=0.18853320181369781
666036092.txt,0,84,84,1,N,Y,1.0,0,84,HybridEvaluator=0.016906165257142856
378030732.txt,0,63,63,2,N,Y,1.0,0,63,HybridEvaluator=0.0
440842105.txt,0,65,65,1,Y,Y,1.0,0,65,HybridEvaluator=0.17811779039246695
813728667.txt,0,44,44,1,N,Y,1.0,0,44,HybridEvaluator=0.0
675246813.txt,0,87,87,1,Y,Y,1.0,0,87,HybridEvaluator=0.13840870062510172
920269516.txt,0,64,64,1,N,Y,1.0,0,64,HybridEvaluator=0.0
923367118.txt,0,108,108,1,Y,Y,1.0,0,108,HybridEvaluator=0.2484154457395727
933673938.txt,0,91,91,2,Y,Y,1.0,0,91,HybridEvaluator=0.11030205339193344
965320884.txt,0,90,90,1,Y,Y,1.0,0,90,HybridEvaluator=0.18453096641061234
959234183.txt,0,86,86,1,Y,Y,1.0,0,86,HybridEvaluator=0.16531976198988138
843331281.txt,0,21,21,1,N,Y,1.0,0,21,HybridEvaluator=0.0
857972111.txt,0,92,92,1,N,Y,1.0,0,92,HybridEvaluator=0.0
989451803.txt,0,96,96,2,Y,Y,1.0,0,96,HybridEvaluator=0.2590719312429428
981151777.txt,0,131,131,2,Y,Y,1.0,0,131,HybridEvaluator=0.17972474098205565
983773724.txt,0,186,186,1,Y,Y,1.0,0,186,HybridEvaluator=0.06951179599537728
838390155.txt,0,112,112,1,Y,Y,1.0,0,112,HybridEvaluator=0.3087697885930538
819224912.txt,0,220,220,2,Y,Y,1.0,0,220,HybridEvaluator=0.2034170389175415
875662466.txt,0,314,314,2,Y,Y,1.0,0,314,HybridEvaluator=0.07696002721786499
839384064.txt,0,319,319,3,Y,Y,1.0,0,319,HybridEvaluator=0.07774398855867509
895267863.txt,0,174,174,1,N,Y,1.0,0,174,HybridEvaluator=0.03703781503897447
87181722.txt,0,236,236,1,Y,Y,1.0,0,236,HybridEvaluator=0.31840258748458466
298477729.txt,0,287,287,2,Y,Y,1.0,0,287,HybridEvaluator=0.11835039050682732
862357696.txt,0,331,331,3,Y,Y,1.0,0,331,HybridEvaluator=0.19884334845277962
974068668.txt,0,272,272,3,Y,Y,1.0,0,272,HybridEvaluator=0.1144987510310279
851316027.txt,0,323,323,1,Y,Y,1.0,0,323,HybridEvaluator=0.1719676336492155
622491985.txt,0,229,229,2,Y,Y,1.0,0,229,HybridEvaluator=0.16724350303411484
993188268.txt,0,288,288,1,N,Y,1.0,0,288,HybridEvaluator=0.03703781503897447
920340728.txt,0,201,201,1,Y,Y,1.0,0,201,HybridEvaluator=0.08947250247001648
962376142.txt,0,282,282,2,Y,Y,1.0,0,282,HybridEvaluator=0.18039064545866143
995959125.txt,0,266,266,3,Y,Y,1.0,0,266,HybridEvaluator=0.28147746740153423
982821239.txt,0,366,366,2,Y,Y,1.0,0,366,HybridEvaluator=0.10778921511438158
863899618.txt,0,629,629,2,Y,Y,1.0,0,629,HybridEvaluator=0.05680399988427551
52814086.txt,0,484,484,7,N,Y,1.0,0,484,HybridEvaluator=0.04416087354932512
566068503.txt,0,1069,1069,3,Y,Y,1.0,0,1069,HybridEvaluator=0.04598995727061892
739249516.txt,0,320,320,2,N,Y,1.0,0,320,HybridEvaluator=0.03703781503897447
953302879.txt,0,577,577,6,N,Y,1.0,0,577,HybridEvaluator=0.038933871686458586
878490248.txt,0,512,512,4,Y,Y,1.0,0,512,HybridEvaluator=0.10491923491160075
929633922.txt,0,1200,1200,6,Y,Y,1.0,0,1200,HybridEvaluator=0.11608266055508042
930039940.txt,0,1130,1130,6,Y,Y,1.0,0,1130,HybridEvaluator=0.14719325381551196
362516558.txt,0,540,540,2,Y,Y,1.0,0,540,HybridEvaluator=0.19972162455668413
944437826.txt,0,387,387,6,N,Y,1.0,0,387,HybridEvaluator=0.026416715569817457
550173731.txt,0,592,592,3,Y,Y,1.0,0,592,HybridEvaluator=0.1299462442958697
696097012.txt,0,749,749,2,Y,Y,1.0,0,749,HybridEvaluator=0.10711274913039567
843182027.txt,0,718,718,8,N,Y,1.0,0,718,HybridEvaluator=0.03778972776609395
852006344.txt,0,408,408,3,N,Y,1.0,0,408,HybridEvaluator=0.022443059659583375
967967595.txt,0,471,471,3,Y,Y,1.0,0,471,HybridEvaluator=0.16078742025373982
852036886.txt,0,424,424,3,Y,Y,1.0,0,424,HybridEvaluator=0.15330551641967546
824324066.txt,0,474,474,5,Y,Y,1.0,0,474,HybridEvaluator=0.09207461987222944
796216436.txt,0,363,363,3,Y,Y,1.0,0,363,HybridEvaluator=0.12669108099091725
933971512.txt,0,358,358,1,Y,Y,1.0,0,358,HybridEvaluator=0.1350158934682738
454983631.txt,0,74,74,1,Y,Y,1.0,0,74,HybridEvaluator=0.06878451364380973
280658528.txt,0,70,70,1,Y,Y,1.0,0,70,HybridEvaluator=0.09629831910133362
568471981.txt,0,58,58,1,Y,Y,1.0,0,58,HybridEvaluator=0.159963587919871
560208101.txt,0,77,77,2,N,Y,1.0,0,77,HybridEvaluator=0.0
155941407.txt,0,186,186,1,Y,Y,1.0,0,186,HybridEvaluator=0.1889160658632006
646092278.txt,0,124,124,2,Y,Y,1.0,0,124,HybridEvaluator=0.16852734817398918
38526840.txt,0,171,171,3,N,Y,1.0,0,171,HybridEvaluator=0.02860090136528015
1955854227.txt,0,365,365,2,Y,Y,1.0,0,365,HybridEvaluator=0.1709457126716978
1257626775.txt,0,224,224,2,Y,Y,1.0,0,224,HybridEvaluator=0.059955484591997586
289824673.txt,0,280,280,2,Y,Y,1.0,0,280,HybridEvaluator=0.1323265709762017
1071241040.txt,0,412,412,2,Y,Y,1.0,0,412,HybridEvaluator=0.1138235288466621
652649151.txt,0,511,511,2,Y,Y,1.0,0,511,HybridEvaluator=0.08944155546751889
1338708344.txt,0,1047,1047,6,N,Y,1.0,0,1047,HybridEvaluator=0.03262493126194552
1939575942.txt,0,348,348,6,Y,Y,1.0,0,348,HybridEvaluator=0.13520097575689616
1463471849.txt,0,349,349,3,Y,Y,1.0,0,349,HybridEvaluator=0.10132783651351929
345409578.txt,0,327,327,3,Y,Y,1.0,0,327,HybridEvaluator=0.0536800911349635
2044812409.txt,0,93,93,1,Y,Y,1.0,0,93,HybridEvaluator=0.06018644943833351
1295304438.txt,0,74,74,1,N,Y,1.0,0,74,HybridEvaluator=0.0
1314982199.txt,0,146,146,1,Y,Y,1.0,0,146,HybridEvaluator=0.08781046739646367
1382583609.txt,0,197,197,1,Y,Y,1.0,0,197,HybridEvaluator=0.23298151777970072
1591654261.txt,0,174,174,2,Y,Y,1.0,0,174,HybridEvaluator=0.1486799582293288
1300117783.txt,0,159,159,3,Y,Y,1.0,0,159,HybridEvaluator=0.04814915955066681
1502895802.txt,0,138,138,1,Y,Y,1.0,0,138,HybridEvaluator=0.20547598787230223
1390516796.txt,0,179,179,1,Y,Y,1.0,0,179,HybridEvaluator=0.14694489021326007
1304110205.txt,0,243,243,2,Y,Y,1.0,0,243,HybridEvaluator=0.049173170363483946
1432913550.txt,0,263,263,1,Y,Y,1.0,0,263,HybridEvaluator=0.18748352947089356
1327299872.txt,0,85,85,1,N,Y,1.0,0,85,HybridEvaluator=0.0
624369614.txt,0,222,222,1,Y,Y,1.0,0,222,HybridEvaluator=0.11846133858845842
638890336.txt,0,103,103,1,Y,Y,1.0,0,103,HybridEvaluator=0.06018644943833351
137898356.txt,0,46,46,1,Y,Y,1.0,0,46,HybridEvaluator=0.2961399555206299
1273073566.txt,0,124,124,1,Y,Y,1.0,0,124,HybridEvaluator=0.16598187759518623
1182298549.txt,0,61,61,1,Y,Y,1.0,0,61,HybridEvaluator=0.2159554898738861
947359820.txt,0,300,300,2,Y,Y,1.0,0,300,HybridEvaluator=0.07035384613734025
1878400630.txt,0,261,261,2,Y,Y,1.0,0,261,HybridEvaluator=0.08939529955387115
414721057.txt,0,58,58,1,N,Y,1.0,0,58,HybridEvaluator=0.0
441525121.txt,0,154,154,1,N,Y,1.0,0,154,HybridEvaluator=0.043771963227878914
141386568.txt,0,17,17,1,Y,Y,1.0,0,17,HybridEvaluator=0.24074579775333405
1461222666.txt,0,109,109,1,Y,Y,1.0,0,109,HybridEvaluator=0.09168634480900234
1349529496.txt,0,58,58,2,Y,Y,1.0,0,58,HybridEvaluator=0.2646810829639435
1220054661.txt,0,64,64,1,Y,Y,1.0,0,64,HybridEvaluator=0.11652676122529167
491650320.txt,0,98,98,1,N,Y,1.0,0,98,HybridEvaluator=0.0
156989652.txt,0,29,29,1,Y,Y,1.0,0,29,HybridEvaluator=0.24074579775333405
249145043.txt,0,58,58,1,Y,Y,1.0,0,58,HybridEvaluator=0.2122584581375122
2143589787.txt,0,94,94,1,Y,Y,1.0,0,94,HybridEvaluator=0.1912046500614711
1875808409.txt,0,107,107,1,Y,Y,1.0,0,107,HybridEvaluator=0.10691852867603302
453969823.txt,0,97,97,1,Y,Y,1.0,0,97,HybridEvaluator=0.12037289887666702
2065261348.txt,0,135,135,1,Y,Y,1.0,0,135,HybridEvaluator=0.08379298691458067
2013740023.txt,0,120,120,1,Y,Y,1.0,0,120,HybridEvaluator=0.23898267988867125
2027016761.txt,0,159,159,1,Y,Y,1.0,0,159,HybridEvaluator=0.1551550583609422
409599197.txt,0,219,219,2,Y,Y,1.0,0,219,HybridEvaluator=0.1095853245370253
211889955.txt,0,337,337,2,Y,Y,1.0,0,337,HybridEvaluator=0.3155432268977165
1993861200.txt,0,299,299,3,Y,Y,1.0,0,299,HybridEvaluator=0.1592095146358274
2087341794.txt,0,316,316,3,Y,Y,1.0,0,316,HybridEvaluator=0.18246687459893624
1219872239.txt,0,301,301,4,Y,Y,1.0,0,301,HybridEvaluator=0.08104938786962758
1963033164.txt,0,211,211,2,Y,Y,1.0,0,211,HybridEvaluator=0.06847666187761625
360017253.txt,0,251,251,3,Y,Y,1.0,0,251,HybridEvaluator=0.14997081671442306
324280408.txt,0,318,318,3,Y,Y,1.0,0,318,HybridEvaluator=0.07999860670108465
1912285298.txt,0,75,75,1,Y,Y,1.0,0,75,HybridEvaluator=0.26569648725645884
2048932710.txt,0,117,117,2,Y,Y,1.0,0,117,HybridEvaluator=0.08818557045676491
513313631.txt,0,20,20,1,Y,Y,1.0,0,20,HybridEvaluator=0.42485959827899933
1486062495.txt,0,244,244,3,Y,Y,1.0,0,244,HybridEvaluator=0.0635122603289946
1584947054.txt,0,283,283,3,Y,Y,1.0,0,283,HybridEvaluator=0.04926067739725113
1924349332.txt,0,230,230,1,Y,Y,1.0,0,230,HybridEvaluator=0.14110971502177172
1492820718.txt,0,70,70,3,Y,Y,1.0,0,70,HybridEvaluator=0.05975257605314255
1639382325.txt,0,57,57,1,Y,Y,1.0,0,57,HybridEvaluator=0.21047845482826233
154880001.txt,0,66,66,1,Y,Y,1.0,0,66,HybridEvaluator=0.2210089017947515
1808130929.txt,0,180,180,1,Y,Y,1.0,0,180,HybridEvaluator=0.08073018754229826
178591676.txt,0,159,159,1,Y,Y,1.0,0,159,HybridEvaluator=0.0721936325232188
1596085103.txt,0,118,118,1,Y,Y,1.0,0,118,HybridEvaluator=0.06878451364380973
175966903.txt,0,203,203,2,Y,Y,1.0,0,203,HybridEvaluator=0.31222558447292875
1545591581.txt,0,80,80,1,Y,Y,1.0,0,80,HybridEvaluator=0.1652519777417183
520176784.txt,0,324,324,1,Y,Y,1.0,0,324,HybridEvaluator=0.09584659295591454
412690939.txt,0,774,774,5,Y,Y,1.0,0,774,HybridEvaluator=0.15737225639162142
2088104838.txt,0,140,140,1,Y,Y,1.0,0,140,HybridEvaluator=0.17637728580406734
1625280045.txt,0,124,124,3,Y,Y,1.0,0,124,HybridEvaluator=0.18700881898403168
1902334801.txt,0,182,182,1,Y,Y,1.0,0,182,HybridEvaluator=0.26509400768085695
480757181.txt,0,255,255,1,Y,Y,1.0,0,255,HybridEvaluator=0.17422045136281167
1971440362.txt,0,248,248,2,Y,Y,1.0,0,248,HybridEvaluator=0.23542134726748748
1695156582.txt,0,286,286,1,Y,Y,1.0,0,286,HybridEvaluator=0.21950211860540136
1732978956.txt,0,556,556,3,Y,Y,1.0,0,556,HybridEvaluator=0.1614828084842486
1748436525.txt,0,491,491,3,Y,Y,1.0,0,491,HybridEvaluator=0.06742310942436004
29100167.txt,0,720,720,4,Y,Y,1.0,0,720,HybridEvaluator=0.12284645215476298
1879183990.txt,0,527,527,1,Y,Y,1.0,0,527,HybridEvaluator=0.07357047055218671
1692097500.txt,0,372,372,2,Y,Y,1.0,0,372,HybridEvaluator=0.07627192450344769
463834281.txt,0,335,335,2,Y,Y,1.0,0,335,HybridEvaluator=0.2576566542281595
175421695.txt,0,519,519,7,Y,Y,1.0,0,519,HybridEvaluator=0.08655498738428452
227791190.txt,0,490,490,3,Y,Y,1.0,0,490,HybridEvaluator=0.1270701115692004
1974134206.txt,0,428,428,5,Y,Y,1.0,0,428,HybridEvaluator=0.09943092197739403
869026884.txt,0,148,148,1,Y,Y,1.0,0,148,HybridEvaluator=0.16724783268892537
830141874.txt,0,122,122,2,Y,Y,1.0,0,122,HybridEvaluator=0.054686774810155235
866342641.txt,0,211,211,1,Y,Y,1.0,0,211,HybridEvaluator=0.1377214020804355
852256286.txt,0,148,148,2,Y,Y,1.0,0,148,HybridEvaluator=0.13856014013290405
351181593.txt,0,105,105,4,N,Y,1.0,0,105,HybridEvaluator=0.0
1065428902.txt,0,152,152,2,Y,Y,1.0,0,152,HybridEvaluator=0.12038139253854752
1065916682.txt,0,186,186,2,Y,Y,1.0,0,186,HybridEvaluator=0.16072415379602203
1174292615.txt,0,169,169,1,Y,Y,1.0,0,169,HybridEvaluator=0.1090884939255804
1099436936.txt,0,156,156,1,Y,Y,1.0,0,156,HybridEvaluator=0.11344934051687067
209682355.txt,0,175,175,1,Y,Y,1.0,0,175,HybridEvaluator=0.1480226147324064
15003025.txt,0,129,129,1,Y,Y,1.0,0,129,HybridEvaluator=0.14213885366916656
1725236257.txt,0,162,162,1,N,Y,1.0,0,162,HybridEvaluator=0.038348405194995355
1520785036.txt,0,769,769,7,N,Y,1.0,0,769,HybridEvaluator=0.024688749714449513
807836023.txt,0,95,95,2,Y,Y,1.0,0,95,HybridEvaluator=0.24862908199429512
800712059.txt,0,269,269,4,Y,Y,1.0,0,269,HybridEvaluator=0.09879527067038149
836533049.txt,0,248,248,1,Y,Y,1.0,0,248,HybridEvaluator=0.09304763004837314
1311464648.txt,0,453,453,5,N,Y,1.0,0,453,HybridEvaluator=0.04500691193769819
1598822536.txt,0,368,368,2,Y,Y,1.0,0,368,HybridEvaluator=0.15324493705025694
154865153.txt,0,29,29,1,Y,Y,1.0,0,29,HybridEvaluator=0.3479750007390976
1688849784.txt,0,181,181,1,Y,Y,1.0,0,181,HybridEvaluator=0.10054083863894145
1901353195.txt,0,149,149,1,Y,Y,1.0,0,149,HybridEvaluator=0.18089601498720778
1098089677.txt,0,154,154,1,Y,Y,1.0,0,154,HybridEvaluator=0.1395198538097553
888768403.txt,0,82,82,4,Y,Y,1.0,0,82,HybridEvaluator=0.18529000878334045
97502438.txt,0,270,270,2,Y,Y,1.0,0,270,HybridEvaluator=0.1640659195408551
77971529.txt,0,187,187,1,Y,Y,1.0,0,187,HybridEvaluator=0.13563804906112142
2006014169.txt,0,244,244,1,Y,Y,1.0,0,244,HybridEvaluator=0.050992235379203166
403645113.txt,0,296,296,1,Y,Y,1.0,0,296,HybridEvaluator=0.1883750513232557
1489799086.txt,0,347,347,2,Y,Y,1.0,0,347,HybridEvaluator=0.08760212679161777
1841532666.txt,0,230,230,1,Y,Y,1.0,0,230,HybridEvaluator=0.20985954148428781
1116157589.txt,0,16,16,1,Y,Y,1.0,0,16,HybridEvaluator=0.24074579775333405
1194833286.txt,0,28,28,2,N,Y,1.0,0,28,HybridEvaluator=0.0
1217297190.txt,0,88,88,1,N,Y,1.0,0,88,HybridEvaluator=0.0
1197307810.txt,0,55,55,1,N,Y,1.0,0,55,HybridEvaluator=0.0
1101294317.txt,0,98,98,1,Y,Y,1.0,0,98,HybridEvaluator=0.28530424407550264
122300918.txt,0,58,58,1,Y,Y,1.0,0,58,HybridEvaluator=0.07877439260482788
10805352.txt,0,71,71,1,N,Y,1.0,0,71,HybridEvaluator=0.0
1571308986.txt,0,45,45,1,N,Y,1.0,0,45,HybridEvaluator=0.0
1250481554.txt,0,75,75,1,N,Y,1.0,0,75,HybridEvaluator=0.0
1023391406.txt,0,96,96,1,Y,Y,1.0,0,96,HybridEvaluator=0.11706671970231193
121735747.txt,0,47,47,1,Y,Y,1.0,0,47,HybridEvaluator=0.2561319410800934
1269196917.txt,0,194,194,1,Y,Y,1.0,0,194,HybridEvaluator=0.22195269679919086
1272962840.txt,0,113,113,1,Y,Y,1.0,0,113,HybridEvaluator=0.12910134717822075
1116056160.txt,0,161,161,3,Y,Y,1.0,0,161,HybridEvaluator=0.09566280245780945
1223577292.txt,0,165,165,1,Y,Y,1.0,0,165,HybridEvaluator=0.15723685117868277
1046835991.txt,0,157,157,1,N,Y,1.0,0,157,HybridEvaluator=0.032099439700444536
110904148.txt,0,184,184,2,Y,Y,1.0,0,184,HybridEvaluator=0.09314735847360947
1036118445.txt,0,137,137,3,Y,Y,1.0,0,137,HybridEvaluator=0.11863415057842548
1014191483.txt,0,206,206,2,Y,Y,1.0,0,206,HybridEvaluator=0.25073242001235485
1048006143.txt,0,190,190,1,N,Y,1.0,0,190,HybridEvaluator=0.032099439700444536
1281010187.txt,0,375,375,2,Y,Y,1.0,0,375,HybridEvaluator=0.18617228310919937
1142234257.txt,0,281,281,4,Y,Y,1.0,0,281,HybridEvaluator=0.1653542532162233
1298719281.txt,0,318,318,1,Y,Y,1.0,0,318,HybridEvaluator=0.23775624284972596
1162322014.txt,0,222,222,4,Y,Y,1.0,0,222,HybridEvaluator=0.23979747743813495
1356772753.txt,0,229,229,2,N,Y,1.0,0,229,HybridEvaluator=0.0053792344
1193936428.txt,0,323,323,2,Y,Y,1.0,0,323,HybridEvaluator=0.1844511981745331
1105647644.txt,0,233,233,2,Y,Y,1.0,0,233,HybridEvaluator=0.07830997507843367
1418900333.txt,0,354,354,1,Y,Y,1.0,0,354,HybridEvaluator=0.07840342751542681
1118878382.txt,0,329,329,3,N,Y,1.0,0,329,HybridEvaluator=0.02264503389596939
1042739018.txt,0,191,191,1,Y,Y,1.0,0,191,HybridEvaluator=0.1734503266008545
1394740663.txt,0,259,259,2,Y,Y,1.0,0,259,HybridEvaluator=0.07720661610364914
1240018247.txt,0,272,272,1,Y,Y,1.0,0,272,HybridEvaluator=0.1535458889874545
1510693563.txt,0,1596,1596,9,Y,Y,1.0,0,1596,HybridEvaluator=0.049021933416870396
1087818839.txt,0,397,397,1,N,Y,1.0,0,397,HybridEvaluator=0.03493587563934736
1476027312.txt,0,332,332,5,Y,Y,1.0,0,332,HybridEvaluator=0.0967776154478391
1272019470.txt,0,405,405,4,Y,Y,1.0,0,405,HybridEvaluator=0.09945935606956482
1024033339.txt,0,628,628,6,Y,Y,1.0,0,628,HybridEvaluator=0.04822310948819574
1062043074.txt,0,420,420,3,Y,Y,1.0,0,420,HybridEvaluator=0.1604020612329375
140569197.txt,0,286,286,4,Y,Y,1.0,0,286,HybridEvaluator=0.15948411623636882
1306274632.txt,0,445,445,3,N,Y,1.0,0,445,HybridEvaluator=0.04490490309123335
1484242946.txt,0,701,701,7,Y,Y,1.0,0,701,HybridEvaluator=0.08009636038294045
1238398481.txt,0,431,431,2,Y,Y,1.0,0,431,HybridEvaluator=0.10262170765166942
1027291027.txt,0,454,454,3,Y,Y,1.0,0,454,HybridEvaluator=0.12284042837210685
1054199994.txt,0,523,523,1,Y,Y,1.0,0,523,HybridEvaluator=0.14942741725226166
1212432240.txt,0,480,480,7,N,Y,1.0,0,480,HybridEvaluator=0.044291059850836687
1112748125.txt,0,312,312,2,Y,Y,1.0,0,312,HybridEvaluator=0.08902087190362142
1103810103.txt,0,356,356,3,Y,Y,1.0,0,356,HybridEvaluator=0.07012812495231628
1181126333.txt,0,363,363,1,Y,Y,1.0,0,363,HybridEvaluator=0.10200768749665313
1018317422.txt,0,377,377,6,Y,Y,1.0,0,377,HybridEvaluator=0.06612903804614625
1112888229.txt,0,352,352,4,N,Y,1.0,0,352,HybridEvaluator=0.042535504809132325
1055005792.txt,0,89,89,1,Y,Y,1.0,0,89,HybridEvaluator=0.28581403692563373
124675690.txt,0,92,92,1,Y,Y,1.0,0,92,HybridEvaluator=0.4510632795946939
141334559.txt,0,145,145,1,Y,Y,1.0,0,145,HybridEvaluator=0.14600719626133257
1503147711.txt,0,124,124,2,Y,Y,1.0,0,124,HybridEvaluator=0.0730298486622897
1109143300.txt,0,210,210,2,N,Y,1.0,0,210,HybridEvaluator=0.028323035029804006
1250620086.txt,0,199,199,2,Y,Y,1.0,0,199,HybridEvaluator=0.10474502557425003
1129314177.txt,0,242,242,1,Y,Y,1.0,0,242,HybridEvaluator=0.10575407807373834
501,0,375,375,2,N,N,-,-1,-1,HybridEvaluator=0.01621800810898089
502,0,72,72,1,N,N,-,-1,-1,HybridEvaluator=0.0
503,0,145,145,1,N,N,-,-1,-1,HybridEvaluator=0.0
504,0,117,117,1,Y,N,-,-1,-1,HybridEvaluator=0.049758932420185635
505,0,67,67,1,N,N,-,-1,-1,HybridEvaluator=0.0
506,0,65,65,2,N,N,-,-1,-1,HybridEvaluator=0.0
507,0,39,39,1,N,N,-,-1,-1,HybridEvaluator=0.0
508,0,192,192,1,N,N,-,-1,-1,HybridEvaluator=0.024213753887714427
509,0,180,180,1,N,N,-,-1,-1,HybridEvaluator=0.0
510,0,263,263,1,N,N,-,-1,-1,HybridEvaluator=0.0147928946
511,0,153,153,1,N,N,-,-1,-1,HybridEvaluator=0.031194142997264862
512,0,112,112,1,N,N,-,-1,-1,HybridEvaluator=0.0
513,0,114,114,3,N,N,-,-1,-1,HybridEvaluator=0.03532358109951019
514,0,65,65,1,N,N,-,-1,-1,HybridEvaluator=0.0
515,0,171,171,1,N,N,-,-1,-1,HybridEvaluator=0.0
516,0,195,195,1,N,N,-,-1,-1,HybridEvaluator=0.0
517,0,202,202,1,N,N,-,-1,-1,HybridEvaluator=0.0
518,0,798,798,5,N,N,-,-1,-1,HybridEvaluator=0.013823945749136757
519,0,402,402,5,N,N,-,-1,-1,HybridEvaluator=0.007172312533333333
520,0,199,199,1,N,N,-,-1,-1,HybridEvaluator=0.026165762916207314
521,0,139,139,1,N,N,-,-1,-1,HybridEvaluator=0.0
522,0,101,101,1,N,N,-,-1,-1,HybridEvaluator=0.0
523,0,311,311,1,N,N,-,-1,-1,HybridEvaluator=0.0124571744
524,0,134,134,2,Y,N,-,-1,-1,HybridEvaluator=0.11413051560521126
525,0,97,97,1,Y,N,-,-1,-1,HybridEvaluator=0.0981387675057217
526,0,193,193,1,N,N,-,-1,-1,HybridEvaluator=0.0
527,0,32,32,1,Y,N,-,-1,-1,HybridEvaluator=0.1309414803981781
528,0,80,80,1,N,N,-,-1,-1,HybridEvaluator=0.0
529,0,142,142,1,Y,N,-,-1,-1,HybridEvaluator=0.06900362173716228
530,0,213,213,2,N,N,-,-1,-1,HybridEvaluator=0.039360010623931886
531,0,151,151,1,N,N,-,-1,-1,HybridEvaluator=0.0
532,0,169,169,1,Y,N,-,-1,-1,HybridEvaluator=0.04842618920586326
533,0,328,328,1,N,N,-,-1,-1,HybridEvaluator=0.015347393958464912
534,0,199,199,1,N,N,-,-1,-1,HybridEvaluator=0.0
535,0,185,185,1,N,N,-,-1,-1,HybridEvaluator=0.006961362164705882
536,0,48,48,1,N,N,-,-1,-1,HybridEvaluator=0.0
537,0,99,99,1,N,N,-,-1,-1,HybridEvaluator=0.0147928946
538,0,66,66,1,Y,N,-,-1,-1,HybridEvaluator=0.10630651712417602
539,0,57,57,1,N,N,-,-1,-1,HybridEvaluator=0.0
540,0,278,278,1,Y,N,-,-1,-1,HybridEvaluator=0.09819422662258148
541,0,233,233,1,N,N,-,-1,-1,HybridEvaluator=0.01987211571799384
542,0,367,367,2,Y,N,-,-1,-1,HybridEvaluator=0.04983117990195751
543,0,176,176,1,N,N,-,-1,-1,HybridEvaluator=0.0
544,0,260,260,1,N,N,-,-1,-1,HybridEvaluator=0.029526038985907856
545,0,204,204,1,N,N,-,-1,-1,HybridEvaluator=0.0
546,0,34,34,1,N,N,-,-1,-1,HybridEvaluator=0.0
547,0,60,60,2,N,N,-,-1,-1,HybridEvaluator=0.0
548,0,77,77,1,N,N,-,-1,-1,HybridEvaluator=0.0
549,0,123,123,1,N,N,-,-1,-1,HybridEvaluator=0.0
550,0,58,58,1,Y,N,-,-1,-1,HybridEvaluator=0.05508182729993548
551,0,71,71,1,N,N,-,-1,-1,HybridEvaluator=0.0
552,0,185,185,1,N,N,-,-1,-1,HybridEvaluator=0.0
553,0,50,50,1,N,N,-,-1,-1,HybridEvaluator=0.0
554,0,239,239,1,N,N,-,-1,-1,HybridEvaluator=0.0
555,0,85,85,1,N,N,-,-1,-1,HybridEvaluator=0.0
556,0,203,203,1,N,N,-,-1,-1,HybridEvaluator=0.0
557,0,189,189,1,N,N,-,-1,-1,HybridEvaluator=0.0
558,0,76,76,1,N,N,-,-1,-1,HybridEvaluator=0.0
559,0,136,136,1,N,N,-,-1,-1,HybridEvaluator=0.0
560,0,171,171,3,N,N,-,-1,-1,HybridEvaluator=0.0
561,0,59,59,2,N,N,-,-1,-1,HybridEvaluator=0.0
562,0,336,336,2,N,N,-,-1,-1,HybridEvaluator=0.044505528532541715
563,0,321,321,2,Y,N,-,-1,-1,HybridEvaluator=0.04842217587487668
564,0,126,126,4,N,N,-,-1,-1,HybridEvaluator=0.023827946186065672
565,0,223,223,2,Y,N,-,-1,-1,HybridEvaluator=0.1162767249258509
566,0,238,238,1,N,N,-,-1,-1,HybridEvaluator=0.04122454089924073
567,0,260,260,16,Y,N,-,-1,-1,HybridEvaluator=0.0741966941526958
568,0,114,114,1,Y,N,-,-1,-1,HybridEvaluator=0.1371903158724308
569,0,348,348,1,Y,N,-,-1,-1,HybridEvaluator=0.07288979530334473
570,0,101,101,1,Y,N,-,-1,-1,HybridEvaluator=0.1677922010421753
571,0,154,154,1,N,N,-,-1,-1,HybridEvaluator=0.009103319753846154
572,0,125,125,1,Y,N,-,-1,-1,HybridEvaluator=0.06080934074189928
573,0,1247,1247,7,N,N,-,-1,-1,HybridEvaluator=0.005009390009626878
574,0,302,302,2,N,N,-,-1,-1,HybridEvaluator=0.0
575,0,312,312,3,N,N,-,-1,-1,HybridEvaluator=0.0
576,0,130,130,1,N,N,-,-1,-1,HybridEvaluator=0.0
577,0,73,73,1,Y,N,-,-1,-1,HybridEvaluator=0.13329090138635863
578,0,37,37,1,N,N,-,-1,-1,HybridEvaluator=0.0
579,0,144,144,1,N,N,-,-1,-1,HybridEvaluator=0.02475379966199398
580,0,25,25,1,N,N,-,-1,-1,HybridEvaluator=0.0
581,0,133,133,1,N,N,-,-1,-1,HybridEvaluator=0.0
582,0,155,155,1,N,N,-,-1,-1,HybridEvaluator=0.0
583,0,51,51,1,N,N,-,-1,-1,HybridEvaluator=0.0
584,0,126,126,1,N,N,-,-1,-1,HybridEvaluator=0.033005066215991974
585,0,135,135,1,N,N,-,-1,-1,HybridEvaluator=0.0
586,0,179,179,1,N,N,-,-1,-1,HybridEvaluator=0.007889543786666666
587,0,202,202,2,N,N,-,-1,-1,HybridEvaluator=0.028081297874450684
588,0,299,299,3,N,N,-,-1,-1,HybridEvaluator=0.0
589,0,424,424,1,N,N,-,-1,-1,HybridEvaluator=0.022003377477327984
590,0,288,288,4,Y,N,-,-1,-1,HybridEvaluator=0.057447253002060786
591,0,354,354,2,N,N,-,-1,-1,HybridEvaluator=0.0
592,0,234,234,2,N,N,-,-1,-1,HybridEvaluator=0.0
593,0,265,265,8,Y,N,-,-1,-1,HybridEvaluator=0.08214662844936053
594,0,539,539,5,N,N,-,-1,-1,HybridEvaluator=0.022206323776579284
595,0,636,636,4,N,N,-,-1,-1,HybridEvaluator=0.014119285100965977
596,0,397,397,4,N,N,-,-1,-1,HybridEvaluator=0.006762466102857143
597,0,346,346,2,N,N,-,-1,-1,HybridEvaluator=0.016328195376055583
598,0,330,330,2,N,N,-,-1,-1,HybridEvaluator=0.004930964866666667
599,0,387,387,4,N,N,-,-1,-1,HybridEvaluator=0.032122988786016195
600,0,350,350,3,N,N,-,-1,-1,HybridEvaluator=0.01183431568
601,0,139,139,1,N,N,-,-1,-1,HybridEvaluator=0.0107584688
602,0,237,237,1,Y,N,-,-1,-1,HybridEvaluator=0.06820325114544082
603,0,235,235,1,N,N,-,-1,-1,HybridEvaluator=0.03253313588957258
604,0,25,25,1,Y,N,-,-1,-1,HybridEvaluator=0.2056940644979477
605,0,54,54,1,N,N,-,-1,-1,HybridEvaluator=0.0
606,0,103,103,1,N,N,-,-1,-1,HybridEvaluator=0.0
607,0,301,301,1,N,N,-,-1,-1,HybridEvaluator=0.0
608,0,369,369,4,N,N,-,-1,-1,HybridEvaluator=0.003287309911111111
609,0,288,288,3,N,N,-,-1,-1,HybridEvaluator=0.03473451564089628
610,0,351,351,5,N,N,-,-1,-1,HybridEvaluator=0.027521439667405754
611,0,244,244,1,N,N,-,-1,-1,HybridEvaluator=0.029529588090048894
612,0,389,389,1,N,N,-,-1,-1,HybridEvaluator=0.015555189458043316
613,0,224,224,3,N,N,-,-1,-1,HybridEvaluator=0.0
614,0,121,121,1,N,N,-,-1,-1,HybridEvaluator=0.0
615,0,280,280,1,N,N,-,-1,-1,HybridEvaluator=0.027073892178521245
616,0,115,115,1,N,N,-,-1,-1,HybridEvaluator=0.0
617,0,427,427,3,N,N,-,-1,-1,HybridEvaluator=0.0
618,0,370,370,3,N,N,-,-1,-1,HybridEvaluator=0.012586215138435363
619,0,198,198,2,N,N,-,-1,-1,HybridEvaluator=0.0
620,0,319,319,3,N,N,-,-1,-1,HybridEvaluator=0.035565078677299654
621,0,321,321,4,N,N,-,-1,-1,HybridEvaluator=0.03868437597626134
622,0,306,306,2,N,N,-,-1,-1,HybridEvaluator=0.03480140729383989
623,0,501,501,4,N,N,-,-1,-1,HybridEvaluator=0.0
624,0,1044,1044,7,N,N,-,-1,-1,HybridEvaluator=0.01747279874153412
625,0,338,338,5,N,N,-,-1,-1,HybridEvaluator=0.004930964866666667
626,0,517,517,4,N,N,-,-1,-1,HybridEvaluator=0.006068879835897436
627,0,832,832,4,N,N,-,-1,-1,HybridEvaluator=0.008637676101300697
628,0,703,703,6,N,N,-,-1,-1,HybridEvaluator=0.01575314390416048
629,0,365,365,3,N,N,-,-1,-1,HybridEvaluator=0.03558444784533593
630,0,400,400,3,N,N,-,-1,-1,HybridEvaluator=0.0
631,0,243,243,2,N,N,-,-1,-1,HybridEvaluator=0.013149239644444444
632,0,350,350,1,N,N,-,-1,-1,HybridEvaluator=0.037017282131942116
633,0,270,270,2,Y,N,-,-1,-1,HybridEvaluator=0.0678777484332814
634,0,328,328,1,Y,N,-,-1,-1,HybridEvaluator=0.055958346887068314
635,0,58,58,1,N,N,-,-1,-1,HybridEvaluator=0.0
636,0,363,363,1,Y,N,-,-1,-1,HybridEvaluator=0.05873359166658842
637,0,442,442,1,N,N,-,-1,-1,HybridEvaluator=0.02256699892764744
638,0,387,387,3,N,N,-,-1,-1,HybridEvaluator=0.02835777004559835
639,0,236,236,2,N,N,-,-1,-1,HybridEvaluator=0.034910781042916436
640,0,400,400,3,N,N,-,-1,-1,HybridEvaluator=0.01437364202557188
641,0,632,632,7,N,N,-,-1,-1,HybridEvaluator=0.013153145804698084
642,0,332,332,3,N,N,-,-1,-1,HybridEvaluator=0.0
643,0,121,121,1,N,N,-,-1,-1,HybridEvaluator=0.0
644,0,129,129,1,N,N,-,-1,-1,HybridEvaluator=0.0
645,0,282,282,1,N,N,-,-1,-1,HybridEvaluator=0.0124571744
646,0,187,187,1,Y,N,-,-1,-1,HybridEvaluator=0.05801384150981903
647,0,478,478,3,N,N,-,-1,-1,HybridEvaluator=0.009901519864797592
648,0,549,549,2,N,N,-,-1,-1,HybridEvaluator=0.0447679172781117
649,0,396,396,2,N,N,-,-1,-1,HybridEvaluator=0.0
650,0,641,641,2,N,N,-,-1,-1,HybridEvaluator=0.004830332930612245
651,0,595,595,3,N,N,-,-1,-1,HybridEvaluator=0.007245499395918367
652,0,472,472,2,N,N,-,-1,-1,HybridEvaluator=0.007635042374193548
653,0,668,668,4,N,N,-,-1,-1,HybridEvaluator=0.019583923144610407
654,0,575,575,1,N,N,-,-1,-1,HybridEvaluator=0.00840452526296888
655,0,70,70,1,N,N,-,-1,-1,HybridEvaluator=0.0
656,0,27,27,1,N,N,-,-1,-1,HybridEvaluator=0.0
657,0,39,39,1,N,N,-,-1,-1,HybridEvaluator=0.0
658,0,79,79,1,N,N,-,-1,-1,HybridEvaluator=0.0
659,0,153,153,1,Y,N,-,-1,-1,HybridEvaluator=0.06341366130860988
660,0,138,138,1,N,N,-,-1,-1,HybridEvaluator=0.0
661,0,145,145,1,Y,N,-,-1,-1,HybridEvaluator=0.0579277597097426
662,0,474,474,1,N,N,-,-1,-1,HybridEvaluator=0.01438686010195961
663,0,319,319,2,N,N,-,-1,-1,HybridEvaluator=0.004226541314285714
664,0,283,283,1,Y,N,-,-1,-1,HybridEvaluator=0.1606614581282805
665,0,119,119,1,N,N,-,-1,-1,HybridEvaluator=0.0
666,0,74,74,1,N,N,-,-1,-1,HybridEvaluator=0.0
667,0,65,65,1,N,N,-,-1,-1,HybridEvaluator=0.0
668,0,110,110,1,Y,N,-,-1,-1,HybridEvaluator=0.13825687103801304
669,0,264,264,1,N,N,-,-1,-1,HybridEvaluator=0.023251114620102778
670,0,230,230,1,Y,N,-,-1,-1,HybridEvaluator=0.05788712434036219
671,0,245,245,1,N,N,-,-1,-1,HybridEvaluator=0.015779087573333333
672,0,196,196,1,N,N,-,-1,-1,HybridEvaluator=0.008453082628571428
673,0,266,266,1,N,N,-,-1,-1,HybridEvaluator=0.03261948598995361
674,0,268,268,1,Y,N,-,-1,-1,HybridEvaluator=0.09426007949155966
675,0,335,335,5,N,N,-,-1,-1,HybridEvaluator=0.02194362607869235
676,0,270,270,1,N,N,-,-1,-1,HybridEvaluator=0.034277841750238174
677,0,461,461,4,N,N,-,-1,-1,HybridEvaluator=0.042366320220280536
678,0,339,339,3,N,N,-,-1,-1,HybridEvaluator=0.009467452544
679,0,662,662,6,N,N,-,-1,-1,HybridEvaluator=0.033632978362619796
680,0,627,627,3,N,N,-,-1,-1,HybridEvaluator=0.016651626575346003
681,0,836,836,2,Y,N,-,-1,-1,HybridEvaluator=0.045788039634137766
682,0,279,279,2,N,N,-,-1,-1,HybridEvaluator=0.042974006246791686
683,0,301,301,1,Y,N,-,-1,-1,HybridEvaluator=0.06818549851805225
684,0,377,377,1,N,N,-,-1,-1,HybridEvaluator=0.03254675393218721
685,0,959,959,7,N,N,-,-1,-1,HybridEvaluator=0.006061683772256985
686,0,70,70,1,N,N,-,-1,-1,HybridEvaluator=0.0
687,0,27,27,2,N,N,-,-1,-1,HybridEvaluator=0.0
688,0,290,290,1,N,N,-,-1,-1,HybridEvaluator=0.03685775890952315
689,0,140,140,1,N,N,-,-1,-1,HybridEvaluator=0.03798676880079244
690,0,205,205,2,Y,N,-,-1,-1,HybridEvaluator=0.06317500655467694
691,0,92,92,1,Y,N,-,-1,-1,HybridEvaluator=0.05624967813491821
692,0,244,244,1,N,N,-,-1,-1,HybridEvaluator=0.03649194617020456
693,0,167,167,1,N,N,-,-1,-1,HybridEvaluator=0.03506470966226995
694,0,138,138,1,N,N,-,-1,-1,HybridEvaluator=0.03600552678108215
695,0,186,186,1,Y,N,-,-1,-1,HybridEvaluator=0.04767379350960255
696,0,444,444,1,N,N,-,-1,-1,HybridEvaluator=0.014124324292405932
697,0,549,549,2,Y,N,-,-1,-1,HybridEvaluator=0.3049853255686523
698,0,199,199,1,Y,N,-,-1,-1,HybridEvaluator=0.052576251327991486
699,0,342,342,1,N,N,-,-1,-1,HybridEvaluator=0.04005809624989828
700,0,182,182,2,Y,N,-,-1,-1,HybridEvaluator=0.052029967308044434
701,0,351,351,1,N,N,-,-1,-1,HybridEvaluator=0.026637832666265553
702,0,388,388,1,N,N,-,-1,-1,HybridEvaluator=0.003944771893333333
703,0,292,292,1,N,N,-,-1,-1,HybridEvaluator=0.030513049785346864
704,0,164,164,2,N,N,-,-1,-1,HybridEvaluator=0.028290056756564548
705,0,858,858,5,Y,N,-,-1,-1,HybridEvaluator=0.055939488012428644
706,0,173,173,1,Y,N,-,-1,-1,HybridEvaluator=0.11299622571364244
707,0,194,194,1,N,N,-,-1,-1,HybridEvaluator=0.02852184573809306
708,0,211,211,1,N,N,-,-1,-1,HybridEvaluator=0.0
709,0,113,113,1,N,N,-,-1,-1,HybridEvaluator=0.03064037182114341
710,0,46,46,1,N,N,-,-1,-1,HybridEvaluator=0.0
711,0,107,107,1,N,N,-,-1,-1,HybridEvaluator=0.0
712,0,23,23,1,N,N,-,-1,-1,HybridEvaluator=0.0
713,0,57,57,1,Y,N,-,-1,-1,HybridEvaluator=0.07928802967071533
714,0,373,373,3,Y,N,-,-1,-1,HybridEvaluator=0.050337146719296774
715,0,105,105,1,N,N,-,-1,-1,HybridEvaluator=0.0
716,0,255,255,3,N,N,-,-1,-1,HybridEvaluator=0.0
717,0,202,202,1,N,N,-,-1,-1,HybridEvaluator=0.0
718,0,192,192,1,Y,N,-,-1,-1,HybridEvaluator=0.09356520726130559
719,0,236,236,1,N,N,-,-1,-1,HybridEvaluator=0.0
720,0,1026,1026,5,N,N,-,-1,-1,HybridEvaluator=0.009862240479398517
721,0,440,440,5,N,N,-,-1,-1,HybridEvaluator=0.009820611029863358
722,0,148,148,1,Y,N,-,-1,-1,HybridEvaluator=0.05404435098171234
723,0,580,580,2,N,N,-,-1,-1,HybridEvaluator=0.017045522278005428
724,0,332,332,1,N,N,-,-1,-1,HybridEvaluator=0.004080798510344827
725,0,171,171,3,N,N,-,-1,-1,HybridEvaluator=0.03749978542327881
726,0,9,9,1,N,N,-,-1,-1,HybridEvaluator=NaN
727,0,349,349,1,N,N,-,-1,-1,HybridEvaluator=0.01254787842432658
728,0,495,495,1,N,N,-,-1,-1,HybridEvaluator=0.0077538338113338386
729,0,203,203,1,N,N,-,-1,-1,HybridEvaluator=0.0
730,0,285,285,1,N,N,-,-1,-1,HybridEvaluator=0.0
731,0,27,27,1,N,N,-,-1,-1,HybridEvaluator=0.0
732,0,177,177,1,Y,N,-,-1,-1,HybridEvaluator=0.05217145039485051
733,0,386,386,2,N,N,-,-1,-1,HybridEvaluator=0.04212071857866831
734,0,60,60,1,N,N,-,-1,-1,HybridEvaluator=0.0
735,0,235,235,1,N,N,-,-1,-1,HybridEvaluator=0.020351404652876014
736,0,310,310,1,N,N,-,-1,-1,HybridEvaluator=0.0164687583843867
737,0,116,116,1,N,N,-,-1,-1,HybridEvaluator=0.0
738,0,539,539,1,Y,N,-,-1,-1,HybridEvaluator=0.07786591382992185
739,0,737,737,2,N,N,-,-1,-1,HybridEvaluator=0.04196129772814456
740,0,135,135,1,Y,N,-,-1,-1,HybridEvaluator=0.04819659888744354
741,0,1037,1037,1,N,N,-,-1,-1,HybridEvaluator=0.013672243141581419
742,0,405,405,2,N,N,-,-1,-1,HybridEvaluator=0.02655653062280617
743,0,400,400,1,N,N,-,-1,-1,HybridEvaluator=0.004226541314285714
744,0,574,574,1,Y,N,-,-1,-1,HybridEvaluator=0.08384674410632607
745,0,656,656,1,Y,N,-,-1,-1,HybridEvaluator=0.05143626402631878
746,0,143,143,1,Y,N,-,-1,-1,HybridEvaluator=0.04942052583128467
747,0,261,261,1,N,N,-,-1,-1,HybridEvaluator=0.0
748,0,101,101,1,N,N,-,-1,-1,HybridEvaluator=0.0
749,0,70,70,1,Y,N,-,-1,-1,HybridEvaluator=0.05145499110221863
750,0,195,195,1,N,N,-,-1,-1,HybridEvaluator=0.04209877435977642
751,0,334,334,1,Y,N,-,-1,-1,HybridEvaluator=0.04967076825983464
752,0,865,865,2,N,N,-,-1,-1,HybridEvaluator=0.0016668050253521127
753,0,333,333,1,N,N,-,-1,-1,HybridEvaluator=0.0
754,0,899,899,1,N,N,-,-1,-1,HybridEvaluator=0.0036413279015384617
755,0,324,324,1,N,N,-,-1,-1,HybridEvaluator=0.0
756,0,263,263,1,Y,N,-,-1,-1,HybridEvaluator=0.15401622143176472
757,0,783,783,1,N,N,-,-1,-1,HybridEvaluator=0.0036413279015384617
758,0,48,48,1,N,N,-,-1,-1,HybridEvaluator=0.0
759,0,73,73,1,N,N,-,-1,-1,HybridEvaluator=0.0
760,0,178,178,1,N,N,-,-1,-1,HybridEvaluator=0.03688698974606197
761,0,183,183,1,N,N,-,-1,-1,HybridEvaluator=0.0
762,0,245,245,1,Y,N,-,-1,-1,HybridEvaluator=0.07850559263850848
763,0,131,131,1,N,N,-,-1,-1,HybridEvaluator=0.0
764,0,399,399,1,N,N,-,-1,-1,HybridEvaluator=0.0
765,0,34,34,1,N,N,-,-1,-1,HybridEvaluator=0.0
766,0,296,296,1,N,N,-,-1,-1,HybridEvaluator=0.0
767,0,91,91,1,Y,N,-,-1,-1,HybridEvaluator=0.052729674748012
768,0,50,50,1,N,N,-,-1,-1,HybridEvaluator=0.0
769,0,87,87,2,N,N,-,-1,-1,HybridEvaluator=0.0
770,0,37,37,1,N,N,-,-1,-1,HybridEvaluator=0.0
771,0,160,160,1,N,N,-,-1,-1,HybridEvaluator=0.0367451012134552
772,0,62,62,1,N,N,-,-1,-1,HybridEvaluator=0.0
773,0,192,192,1,Y,N,-,-1,-1,HybridEvaluator=0.11464023131590623
774,0,12,12,1,N,N,-,-1,-1,HybridEvaluator=0.0
775,0,58,58,1,N,N,-,-1,-1,HybridEvaluator=0.0
776,0,221,221,1,N,N,-,-1,-1,HybridEvaluator=0.0
777,0,204,204,1,N,N,-,-1,-1,HybridEvaluator=0.0
778,0,20,20,2,N,N,-,-1,-1,HybridEvaluator=0.0
779,0,214,214,1,N,N,-,-1,-1,HybridEvaluator=0.0
780,0,34,34,1,N,N,-,-1,-1,HybridEvaluator=0.0
781,0,69,69,1,N,N,-,-1,-1,HybridEvaluator=0.0
782,0,202,202,1,N,N,-,-1,-1,HybridEvaluator=0.0
783,0,73,73,1,N,N,-,-1,-1,HybridEvaluator=0.0
784,0,253,253,1,N,N,-,-1,-1,HybridEvaluator=0.01846765809588962
785,0,32,32,1,N,N,-,-1,-1,HybridEvaluator=0.0
786,0,169,169,1,N,N,-,-1,-1,HybridEvaluator=0.0
787,0,70,70,1,N,N,-,-1,-1,HybridEvaluator=0.0
788,0,96,96,1,N,N,-,-1,-1,HybridEvaluator=0.0
789,0,135,135,1,N,N,-,-1,-1,HybridEvaluator=0.0
790,0,167,167,1,Y,N,-,-1,-1,HybridEvaluator=0.05415631186840667
791,0,217,217,1,Y,N,-,-1,-1,HybridEvaluator=0.049771743161337714
792,0,146,146,1,N,N,-,-1,-1,HybridEvaluator=0.0
793,0,143,143,1,Y,N,-,-1,-1,HybridEvaluator=0.09763095545503733
794,0,229,229,1,Y,N,-,-1,-1,HybridEvaluator=0.04923503435273545
795,0,242,242,2,N,N,-,-1,-1,HybridEvaluator=0.0
796,0,274,274,1,Y,N,-,-1,-1,HybridEvaluator=0.0908140412398747
797,0,156,156,2,Y,N,-,-1,-1,HybridEvaluator=0.17924164100126785
798,0,95,95,1,Y,N,-,-1,-1,HybridEvaluator=0.5972290171517266
799,0,286,286,1,N,N,-,-1,-1,HybridEvaluator=0.0
800,0,138,138,1,N,N,-,-1,-1,HybridEvaluator=0.0
801,0,211,211,1,N,N,-,-1,-1,HybridEvaluator=0.0073964473
802,0,61,61,1,N,N,-,-1,-1,HybridEvaluator=0.0
803,0,34,34,1,N,N,-,-1,-1,HybridEvaluator=0.0
804,0,187,187,1,N,N,-,-1,-1,HybridEvaluator=0.0
805,0,73,73,1,N,N,-,-1,-1,HybridEvaluator=0.0
806,0,234,234,2,N,N,-,-1,-1,HybridEvaluator=0.0073964473
807,0,130,130,1,N,N,-,-1,-1,HybridEvaluator=0.0
808,0,144,144,1,Y,N,-,-1,-1,HybridEvaluator=0.056390492342445066
809,0,279,279,3,N,N,-,-1,-1,HybridEvaluator=0.02398645564129478
810,0,1077,1077,12,N,N,-,-1,-1,HybridEvaluator=0.029785584262662333
811,0,542,542,3,Y,N,-,-1,-1,HybridEvaluator=0.1409921872671775
812,0,380,380,2,N,N,-,-1,-1,HybridEvaluator=0.0
813,0,181,181,3,Y,N,-,-1,-1,HybridEvaluator=0.1101378412807689
814,0,1192,1192,9,N,N,-,-1,-1,HybridEvaluator=0.03874833906049568
815,0,617,617,4,N,N,-,-1,-1,HybridEvaluator=0.010031912724177043
816,0,325,325,4,N,N,-,-1,-1,HybridEvaluator=0.04375235736370087
817,0,581,581,6,N,N,-,-1,-1,HybridEvaluator=0.015208400010715592
818,0,218,218,2,N,N,-,-1,-1,HybridEvaluator=0.020101068650974947
819,0,1040,1040,4,N,N,-,-1,-1,HybridEvaluator=0.008218274777777777
820,0,664,664,8,N,N,-,-1,-1,HybridEvaluator=0.012790973672283813
821,0,162,162,1,N,N,-,-1,-1,HybridEvaluator=0.0
822,0,104,104,1,N,N,-,-1,-1,HybridEvaluator=0.0
823,0,370,370,4,N,N,-,-1,-1,HybridEvaluator=0.018127794067064922
824,0,771,771,6,Y,N,-,-1,-1,HybridEvaluator=0.055227183176799484
825,0,423,423,2,N,N,-,-1,-1,HybridEvaluator=0.016987059116363525
826,0,487,487,5,Y,N,-,-1,-1,HybridEvaluator=0.06616871185362519
827,0,93,93,1,N,N,-,-1,-1,HybridEvaluator=0.0
828,0,240,240,2,N,N,-,-1,-1,HybridEvaluator=0.030215042841294778
829,0,145,145,1,N,N,-,-1,-1,HybridEvaluator=0.040195328472923626
830,0,112,112,1,N,N,-,-1,-1,HybridEvaluator=0.0
831,0,41,41,1,N,N,-,-1,-1,HybridEvaluator=0.0
832,0,117,117,1,N,N,-,-1,-1,HybridEvaluator=0.037473042805989586
833,0,350,350,3,N,N,-,-1,-1,HybridEvaluator=0.01237689983099699
834,0,251,251,5,N,N,-,-1,-1,HybridEvaluator=0.022122305631637574
835,0,101,101,2,N,N,-,-1,-1,HybridEvaluator=0.0
836,0,245,245,1,N,N,-,-1,-1,HybridEvaluator=0.0
837,0,209,209,2,N,N,-,-1,-1,HybridEvaluator=0.02475379966199398
838,0,489,489,2,N,N,-,-1,-1,HybridEvaluator=0.02219591819090049
839,0,983,983,9,N,N,-,-1,-1,HybridEvaluator=0.013425872980424827
840,0,249,249,2,N,N,-,-1,-1,HybridEvaluator=0.0
841,0,243,243,2,N,N,-,-1,-1,HybridEvaluator=0.0073964473
842,0,192,192,1,N,N,-,-1,-1,HybridEvaluator=0.0
843,0,146,146,1,N,N,-,-1,-1,HybridEvaluator=0.0379666132586343
844,0,209,209,1,Y,N,-,-1,-1,HybridEvaluator=0.13494577805201213
845,0,269,269,1,N,N,-,-1,-1,HybridEvaluator=0.017309775406664066
846,0,187,187,1,Y,N,-,-1,-1,HybridEvaluator=0.056967832148075104
847,0,319,319,1,Y,N,-,-1,-1,HybridEvaluator=0.07701859107384315
848,0,847,847,2,Y,N,-,-1,-1,HybridEvaluator=0.04777719883433687
849,0,86,86,1,Y,N,-,-1,-1,HybridEvaluator=0.12189289501735143
850,0,161,161,1,N,N,-,-1,-1,HybridEvaluator=0.04165455800173416
851,0,42,42,1,N,N,-,-1,-1,HybridEvaluator=0.0
852,0,454,454,3,Y,N,-,-1,-1,HybridEvaluator=0.1214292433463667
853,0,150,150,1,N,N,-,-1,-1,HybridEvaluator=0.0
854,0,204,204,1,Y,N,-,-1,-1,HybridEvaluator=0.10478078728220698
855,0,203,203,1,N,N,-,-1,-1,HybridEvaluator=0.007889543786666666
856,0,94,94,1,N,N,-,-1,-1,HybridEvaluator=0.0
857,0,446,446,3,N,N,-,-1,-1,HybridEvaluator=0.03289815438131261
858,0,73,73,1,Y,N,-,-1,-1,HybridEvaluator=0.05480991676449776
859,0,74,74,2,N,N,-,-1,-1,HybridEvaluator=0.0
860,0,69,69,1,N,N,-,-1,-1,HybridEvaluator=0.0
861,0,87,87,1,N,N,-,-1,-1,HybridEvaluator=0.0
862,0,43,43,1,N,N,-,-1,-1,HybridEvaluator=0.0
863,0,110,110,1,N,N,-,-1,-1,HybridEvaluator=0.01183431568
864,0,357,357,1,N,N,-,-1,-1,HybridEvaluator=0.0
865,0,86,86,1,N,N,-,-1,-1,HybridEvaluator=0.0
866,0,80,80,2,Y,N,-,-1,-1,HybridEvaluator=0.10630651712417602
867,0,12,12,1,N,N,-,-1,-1,HybridEvaluator=0.0
868,0,93,93,1,N,N,-,-1,-1,HybridEvaluator=0.0
869,0,131,131,1,N,N,-,-1,-1,HybridEvaluator=0.0
870,0,122,122,1,N,N,-,-1,-1,HybridEvaluator=0.0
871,0,108,108,1,N,N,-,-1,-1,HybridEvaluator=0.0
872,0,79,79,1,Y,N,-,-1,-1,HybridEvaluator=0.056580113513129096
873,0,82,82,1,N,N,-,-1,-1,HybridEvaluator=0.0
874,0,525,525,2,Y,N,-,-1,-1,HybridEvaluator=0.057123137465698526
875,0,107,107,2,N,N,-,-1,-1,HybridEvaluator=0.0
876,0,85,85,1,N,N,-,-1,-1,HybridEvaluator=0.0
877,0,73,73,1,N,N,-,-1,-1,HybridEvaluator=0.0
878,0,342,342,2,N,N,-,-1,-1,HybridEvaluator=0.03514913124657275
879,0,597,597,1,N,N,-,-1,-1,HybridEvaluator=0.0
880,0,110,110,1,Y,N,-,-1,-1,HybridEvaluator=0.065155990421772
881,0,323,323,1,N,N,-,-1,-1,HybridEvaluator=0.029586899007375662
882,0,157,157,2,N,N,-,-1,-1,HybridEvaluator=0.037586900591850284
883,0,542,542,1,Y,N,-,-1,-1,HybridEvaluator=0.059082857501895764
884,0,54,54,1,N,N,-,-1,-1,HybridEvaluator=0.0
885,0,102,102,1,N,N,-,-1,-1,HybridEvaluator=0.0
886,0,102,102,1,N,N,-,-1,-1,HybridEvaluator=0.0
887,0,195,195,1,N,N,-,-1,-1,HybridEvaluator=0.007889543786666666
888,0,250,250,1,N,N,-,-1,-1,HybridEvaluator=0.023297693799523747
889,0,204,204,1,Y,N,-,-1,-1,HybridEvaluator=0.08759493739564114
890,0,67,67,1,N,N,-,-1,-1,HybridEvaluator=0.0
891,0,56,56,1,N,N,-,-1,-1,HybridEvaluator=0.0
892,0,61,61,1,N,N,-,-1,-1,HybridEvaluator=0.0
893,0,223,223,1,N,N,-,-1,-1,HybridEvaluator=0.007889543786666666
894,0,141,141,1,Y,N,-,-1,-1,HybridEvaluator=0.10811841487884521
895,0,313,313,2,N,N,-,-1,-1,HybridEvaluator=0.0
896,0,354,354,1,N,N,-,-1,-1,HybridEvaluator=0.0
897,0,209,209,1,N,N,-,-1,-1,HybridEvaluator=0.032249117598814124
898,0,240,240,1,N,N,-,-1,-1,HybridEvaluator=0.0
899,0,799,799,4,N,N,-,-1,-1,HybridEvaluator=0.014647872514636336
900,0,531,531,3,N,N,-,-1,-1,HybridEvaluator=0.02994208642115267
901,0,146,146,1,Y,N,-,-1,-1,HybridEvaluator=0.07590451836585999
902,0,218,218,1,N,N,-,-1,-1,HybridEvaluator=0.02222214639186859
903,0,180,180,1,N,N,-,-1,-1,HybridEvaluator=0.03455611945690897
904,0,151,151,1,N,N,-,-1,-1,HybridEvaluator=0.0
905,0,140,140,1,Y,N,-,-1,-1,HybridEvaluator=0.17920654815935735
906,0,276,276,1,N,N,-,-1,-1,HybridEvaluator=0.03989075044002172
907,0,94,94,1,N,N,-,-1,-1,HybridEvaluator=0.0
908,0,283,283,2,N,N,-,-1,-1,HybridEvaluator=0.02548875487767733
909,0,727,727,3,N,N,-,-1,-1,HybridEvaluator=0.03319659926297888
910,0,465,465,2,N,N,-,-1,-1,HybridEvaluator=0.02233051411081446
911,0,151,151,1,Y,N,-,-1,-1,HybridEvaluator=0.07212525064294989
912,0,425,425,3,N,N,-,-1,-1,HybridEvaluator=0.008161597020689654
913,0,257,257,2,N,N,-,-1,-1,HybridEvaluator=0.0
914,0,159,159,1,Y,N,-,-1,-1,HybridEvaluator=0.11871263881524403
915,0,122,122,2,N,N,-,-1,-1,HybridEvaluator=0.0
916,0,358,358,2,N,N,-,-1,-1,HybridEvaluator=0.0
917,0,275,275,1,Y,N,-,-1,-1,HybridEvaluator=0.06458717158862523
918,0,113,113,1,N,N,-,-1,-1,HybridEvaluator=0.0
919,0,159,159,1,N,N,-,-1,-1,HybridEvaluator=0.016906165257142856
920,0,214,214,1,Y,N,-,-1,-1,HybridEvaluator=0.057523224998065545
921,0,134,134,1,N,N,-,-1,-1,HybridEvaluator=0.009103319753846154
922,0,151,151,1,Y,N,-,-1,-1,HybridEvaluator=0.045683327648374766
923,0,203,203,1,N,N,-,-1,-1,HybridEvaluator=0.0
924,0,137,137,1,N,N,-,-1,-1,HybridEvaluator=0.037397258556806125
925,0,184,184,1,N,N,-,-1,-1,HybridEvaluator=0.024895991597856795
926,0,149,149,1,Y,N,-,-1,-1,HybridEvaluator=0.04867285447630028
927,0,115,115,1,N,N,-,-1,-1,HybridEvaluator=0.0
928,0,302,302,2,N,N,-,-1,-1,HybridEvaluator=0.021597042679786682
929,0,258,258,3,N,N,-,-1,-1,HybridEvaluator=0.0209260031580925
930,0,92,92,1,Y,N,-,-1,-1,HybridEvaluator=0.11564267107418605
931,0,86,86,2,Y,N,-,-1,-1,HybridEvaluator=0.07185453176498413
932,0,157,157,1,Y,N,-,-1,-1,HybridEvaluator=0.06945205160549708
933,0,139,139,1,Y,N,-,-1,-1,HybridEvaluator=0.08369990934928258
934,0,94,94,2,N,N,-,-1,-1,HybridEvaluator=0.0
935,0,90,90,1,N,N,-,-1,-1,HybridEvaluator=0.0
936,0,140,140,3,N,N,-,-1,-1,HybridEvaluator=0.0
937,0,75,75,1,N,N,-,-1,-1,HybridEvaluator=0.0
938,0,317,317,7,N,N,-,-1,-1,HybridEvaluator=0.004551659876923077
939,0,327,327,2,N,N,-,-1,-1,HybridEvaluator=0.01900840849616992
940,0,242,242,4,N,N,-,-1,-1,HybridEvaluator=0.02421309460293163
941,0,270,270,2,N,N,-,-1,-1,HybridEvaluator=0.03143635764718056
942,0,240,240,3,N,N,-,-1,-1,HybridEvaluator=0.0
943,0,154,154,2,Y,N,-,-1,-1,HybridEvaluator=0.09769912560780843
944,0,28,28,1,N,N,-,-1,-1,HybridEvaluator=0.0
945,0,51,51,1,Y,N,-,-1,-1,HybridEvaluator=0.07105076313018799
946,0,380,380,3,Y,N,-,-1,-1,HybridEvaluator=0.058365603642804284
947,0,137,137,1,N,N,-,-1,-1,HybridEvaluator=0.0
948,0,68,68,1,N,N,-,-1,-1,HybridEvaluator=0.0
949,0,102,102,1,Y,N,-,-1,-1,HybridEvaluator=0.04950759932398796
950,0,68,68,1,N,N,-,-1,-1,HybridEvaluator=0.0
951,0,24,24,1,N,N,-,-1,-1,HybridEvaluator=0.0
952,0,128,128,2,Y,N,-,-1,-1,HybridEvaluator=0.05210342151778085
953,0,231,231,1,N,N,-,-1,-1,HybridEvaluator=0.0062285872
954,0,136,136,1,N,N,-,-1,-1,HybridEvaluator=0.0
955,0,52,52,1,N,N,-,-1,-1,HybridEvaluator=0.0
956,0,81,81,1,N,N,-,-1,-1,HybridEvaluator=0.0
957,0,192,192,2,N,N,-,-1,-1,HybridEvaluator=0.007889543786666666
958,0,155,155,1,N,N,-,-1,-1,HybridEvaluator=0.0
959,0,102,102,2,N,N,-,-1,-1,HybridEvaluator=0.0
960,0,118,118,1,N,N,-,-1,-1,HybridEvaluator=0.0
961,0,64,64,1,N,N,-,-1,-1,HybridEvaluator=0.0
962,0,151,151,2,N,N,-,-1,-1,HybridEvaluator=0.03282007804283729
963,0,125,125,1,N,N,-,-1,-1,HybridEvaluator=0.0
964,0,55,55,1,N,N,-,-1,-1,HybridEvaluator=0.0
965,0,170,170,5,N,N,-,-1,-1,HybridEvaluator=0.022441855248282936
966,0,204,204,3,N,N,-,-1,-1,HybridEvaluator=0.0
967,0,324,324,4,N,N,-,-1,-1,HybridEvaluator=0.0
968,0,324,324,4,N,N,-,-1,-1,HybridEvaluator=0.0
969,0,179,179,1,N,N,-,-1,-1,HybridEvaluator=0.0073964473
970,0,398,398,12,N,N,-,-1,-1,HybridEvaluator=0.0
971,0,128,128,1,N,N,-,-1,-1,HybridEvaluator=0.04400675495465597
972,0,375,375,5,N,N,-,-1,-1,HybridEvaluator=0.0
973,0,111,111,1,Y,N,-,-1,-1,HybridEvaluator=0.10714836197909317
974,0,148,148,1,N,N,-,-1,-1,HybridEvaluator=0.0
975,0,185,185,2,N,N,-,-1,-1,HybridEvaluator=0.02640405297279358
976,0,978,978,7,Y,N,-,-1,-1,HybridEvaluator=0.07656751558950457
977,0,334,334,2,N,N,-,-1,-1,HybridEvaluator=0.0
978,0,374,374,2,Y,N,-,-1,-1,HybridEvaluator=0.05588081998931875
979,0,403,403,2,N,N,-,-1,-1,HybridEvaluator=0.020070672440043028
980,0,701,701,3,N,N,-,-1,-1,HybridEvaluator=0.032514556457241994
981,0,338,338,2,N,N,-,-1,-1,HybridEvaluator=0.028520472920857944
982,0,307,307,1,N,N,-,-1,-1,HybridEvaluator=0.0312057518036903
983,0,180,180,1,Y,N,-,-1,-1,HybridEvaluator=0.0751351687041196
984,0,324,324,2,N,N,-,-1,-1,HybridEvaluator=0.02754890146078887
985,0,195,195,2,Y,N,-,-1,-1,HybridEvaluator=0.08000380198160807
986,0,309,309,3,Y,N,-,-1,-1,HybridEvaluator=0.06525502800941467
987,0,309,309,2,N,N,-,-1,-1,HybridEvaluator=0.0
988,0,394,394,1,N,N,-,-1,-1,HybridEvaluator=0.0
989,0,201,201,1,N,N,-,-1,-1,HybridEvaluator=0.04258315129085754
990,0,242,242,1,N,N,-,-1,-1,HybridEvaluator=0.0
991,0,305,305,2,N,N,-,-1,-1,HybridEvaluator=0.027046309097319757
992,0,450,450,1,N,N,-,-1,-1,HybridEvaluator=0.017541530420522106
993,0,248,248,1,N,N,-,-1,-1,HybridEvaluator=0.0
994,0,68,68,1,Y,N,-,-1,-1,HybridEvaluator=0.1242065191268921
995,0,31,31,1,N,N,-,-1,-1,HybridEvaluator=0.0
996,0,225,225,1,N,N,-,-1,-1,HybridEvaluator=0.0
997,0,164,164,1,N,N,-,-1,-1,HybridEvaluator=0.02502366474696568
998,0,263,263,1,N,N,-,-1,-1,HybridEvaluator=0.01836060909997849
999,0,143,143,1,N,N,-,-1,-1,HybridEvaluator=0.0
1000,0,97,97,1,N,N,-,-1,-1,HybridEvaluator=0.0
